k,silhouette,inertia
3,0.11629563570022583,327501.9375
4,0.09840206056833267,307549.1875
5,0.10363273322582245,293555.1875
