k,silhouette,inertia
2,0.29640647768974304,243812.140625
4,0.15540772676467896,197359.109375
3,0.14333657920360565,217206.625
5,0.12253446131944656,186808.9375
