,FVC,FVC,FVC,FVC,Percent,Percent,Percent,Percent,FVC_slope,FVC_slope,FVC_slope,FVC_slope
,count,mean,std,median,count,mean,std,median,count,mean,std,median
cluster,,,,,,,,,,,,
0,99,2825.6161616161617,842.0504215242684,2739.0,99,79.92530573735401,20.76832361088781,78.8917089678511,99,-4.615838519949292,6.133909121335862,-4.212131519274376
1,77,2702.4805194805194,827.4788852512,2651.0,77,80.4912448715496,17.66970360582201,78.8969095420708,77,-4.406610914205285,6.175728886475325,-3.130466007022024
