,FVC,FVC,FVC,FVC,FVC,FVC,FVC,FVC,Percent,Percent,Percent,Percent,Percent,Percent,Percent,Percent,Age,Age,Age,Age,Age,Age,Age,Age,FVC_slope,FVC_slope,FVC_slope,FVC_slope,FVC_slope,FVC_slope,FVC_slope,FVC_slope
,count,mean,std,min,25%,50%,75%,max,count,mean,std,min,25%,50%,75%,max,count,mean,std,min,25%,50%,75%,max,count,mean,std,min,25%,50%,75%,max
cluster,,,,,,,,,,,,,,,,,,,,,,,,,,,,,,,,
0,99.0,2825.6161616161617,842.0504215242684,1015.0,2299.5,2739.0,3238.0,6399.0,99.0,79.92530573735401,20.768323610887816,48.0723690442361,65.2678286427307,78.8917089678511,90.63115294352625,153.012912482066,99.0,67.77777777777777,7.041503137818608,51.0,64.0,68.0,73.0,88.0,99.0,-4.615838519949292,6.133909121335862,-23.2875,-8.164352495456937,-4.212131519274376,-1.1118958916017525,14.682611731843574
1,77.0,2702.4805194805194,827.4788852512,1272.0,2100.0,2651.0,3255.0,4916.0,77.0,80.49124487154961,17.669703605822015,43.3522790594004,68.6437943643794,78.8969095420708,90.9390372452565,121.595444940127,77.0,66.59740259740259,7.138221325445562,49.0,62.0,68.0,71.0,87.0,77.0,-4.406610914205286,6.175728886475325,-28.18257491675916,-7.0297800855222965,-3.130466007022024,-0.6589328033024998,9.052208392994824
