cluster,rapid,slow,rapid_fraction,slow_fraction
0,26,73,0.26262626262626265,0.7373737373737373
1,18,59,0.23376623376623376,0.7662337662337663
