{
  "models": [
    {
      "model": "xgboost",
      "spearman": 0.3960362661256864,
      "weight": 0.3404451906681061
    },
    {
      "model": "catboost",
      "spearman": 0.39291513168910264,
      "weight": 0.33776217699050903
    },
    {
      "model": "lightgbm",
      "spearman": 0.37433790075125767,
      "weight": 0.3217926323413849
    }
  ],
  "spearman": 0.40078784975771864,
  "rmse": 2.439691878547321
}