k,silhouette,inertia,selected
3,0.1514824479818344,294824.5,True
4,0.1032172292470932,274462.34375,False
5,0.09814321994781494,260878.71875,False
