{
  "GraphSAGE": {
    "model_name": "GraphSAGE",
    "n_folds": 5,
    "device": "cpu",
    "fold_results": [
      {
        "fold": 1,
        "n_train": 2716,
        "n_val": 680,
        "train": {
          "spearman": 0.16336731299213217,
          "pearson": 0.18063390254974365,
          "r2": -0.16352629661560059,
          "rmse": 2.809919572269732,
          "mae": 2.183462619781494,
          "kendall_tau": 0.10958000133785267
        },
        "val": {
          "spearman": 0.08515306645453584,
          "pearson": 0.09570267051458359,
          "r2": -0.24128901958465576,
          "rmse": 2.980913961413365,
          "mae": 2.353957176208496,
          "kendall_tau": 0.056980229783788895
        }
      },
      {
        "fold": 2,
        "n_train": 2717,
        "n_val": 679,
        "train": {
          "spearman": 0.27099729728606076,
          "pearson": 0.3377617597579956,
          "r2": 0.10628712177276611,
          "rmse": 2.46224659811655,
          "mae": 1.9017544984817505,
          "kendall_tau": 0.18649129877486037
        },
        "val": {
          "spearman": 0.30648025337888046,
          "pearson": 0.3548104465007782,
          "r2": 0.1189279556274414,
          "rmse": 2.5102424613900984,
          "mae": 1.9332079887390137,
          "kendall_tau": 0.21434762305483274
        }
      },
      {
        "fold": 3,
        "n_train": 2717,
        "n_val": 679,
        "train": {
          "spearman": 0.1684451447592362,
          "pearson": 0.20688635110855103,
          "r2": -0.0826561450958252,
          "rmse": 2.7456654286507027,
          "mae": 2.2138748168945312,
          "kendall_tau": 0.11395127727724767
        },
        "val": {
          "spearman": 0.07419677448061326,
          "pearson": 0.10454683005809784,
          "r2": -0.1861051321029663,
          "rmse": 2.7648019374112125,
          "mae": 2.1916491985321045,
          "kendall_tau": 0.049644188414924746
        }
      },
      {
        "fold": 4,
        "n_train": 2717,
        "n_val": 679,
        "train": {
          "spearman": 0.2420763119839417,
          "pearson": 0.32745617628097534,
          "r2": 0.021147549152374268,
          "rmse": 2.589202939669459,
          "mae": 2.0162734985351562,
          "kendall_tau": 0.16375150255116094
        },
        "val": {
          "spearman": 0.26849127129098116,
          "pearson": 0.3655492663383484,
          "r2": 0.06862813234329224,
          "rmse": 2.533629064699052,
          "mae": 1.9706794023513794,
          "kendall_tau": 0.18227909698084785
        }
      },
      {
        "fold": 5,
        "n_train": 2717,
        "n_val": 679,
        "train": {
          "spearman": 0.08702972231889154,
          "pearson": 0.08249092847108841,
          "r2": -1.273120641708374,
          "rmse": 3.9659358582881374,
          "mae": 2.933417320251465,
          "kendall_tau": 0.058774138021576425
        },
        "val": {
          "spearman": 0.10912075273147606,
          "pearson": 0.08842087537050247,
          "r2": -1.3437941074371338,
          "rmse": 3.9396694201513514,
          "mae": 2.9192349910736084,
          "kendall_tau": 0.07355643700560494
        }
      }
    ],
    "summary": {
      "train_spearman_mean": 0.18638315786805248,
      "val_spearman_mean": 0.16868842366729736,
      "train_spearman_std": 0.06478253868117874,
      "val_spearman_std": 0.09838936103102154,
      "gap_spearman_mean": 0.017694734200755118
    },
    "overfitting_check": {
      "threshold": 0.15,
      "gaps": [
        0.07821424653759633,
        -0.035482956092819706,
        0.09424837027862293,
        -0.026414959307039465,
        -0.02209103041258452
      ],
      "mean_gap": 0.017694734200755118,
      "max_gap": 0.09424837027862293,
      "overfitting_flags": [
        false,
        false,
        false,
        false,
        false
      ],
      "n_overfitting_folds": 0
    },
    "stability_check": {
      "threshold": 0.05,
      "val_spearman_std": 0.09838936103102154,
      "val_spearman_scores": [
        0.08515306645453584,
        0.30648025337888046,
        0.07419677448061326,
        0.26849127129098116,
        0.10912075273147606
      ],
      "unstable": true,
      "warning": "Unstable across folds (std=0.0984)"
    }
  },
  "GAT": {
    "model_name": "GAT",
    "n_folds": 5,
    "device": "cpu",
    "fold_results": [
      {
        "fold": 1,
        "n_train": 2716,
        "n_val": 680,
        "train": {
          "spearman": -0.29091189015753205,
          "pearson": -0.3104074001312256,
          "r2": -7.933769226074219,
          "rmse": 7.786157002992178,
          "mae": 5.940997123718262,
          "kendall_tau": -0.19698554343482783
        },
        "val": {
          "spearman": -0.3250845672095069,
          "pearson": -0.28344935178756714,
          "r2": -7.143658638000488,
          "rmse": 7.635241275315102,
          "mae": 5.917306423187256,
          "kendall_tau": -0.2213240980758811
        }
      },
      {
        "fold": 2,
        "n_train": 2717,
        "n_val": 679,
        "train": {
          "spearman": 0.14699974106642735,
          "pearson": 0.14785341918468475,
          "r2": -1.8694369792938232,
          "rmse": 4.411953096294357,
          "mae": 3.6827971935272217,
          "kendall_tau": 0.09804270456944437
        },
        "val": {
          "spearman": 0.15067415349914315,
          "pearson": 0.1267646998167038,
          "r2": -1.8397340774536133,
          "rmse": 4.506597768456297,
          "mae": 3.777053117752075,
          "kendall_tau": 0.10239923538453946
        }
      },
      {
        "fold": 3,
        "n_train": 2717,
        "n_val": 679,
        "train": {
          "spearman": -0.22661229852836515,
          "pearson": -0.19825489819049835,
          "r2": -10.62154483795166,
          "rmse": 8.99568581494763,
          "mae": 7.5606818199157715,
          "kendall_tau": -0.15281702654527032
        },
        "val": {
          "spearman": -0.20978713939672688,
          "pearson": -0.19555461406707764,
          "r2": -11.145807266235352,
          "rmse": 8.847399278828973,
          "mae": 7.459288597106934,
          "kendall_tau": -0.14043075454263274
        }
      },
      {
        "fold": 4,
        "n_train": 2717,
        "n_val": 679,
        "train": {
          "spearman": 0.029154459479362214,
          "pearson": 0.03902854770421982,
          "r2": -1.9433906078338623,
          "rmse": 4.489845687151575,
          "mae": 3.569209098815918,
          "kendall_tau": 0.021853788423420256
        },
        "val": {
          "spearman": 0.027641943159314435,
          "pearson": 0.010580689646303654,
          "r2": -1.9263110160827637,
          "rmse": 4.490986167490588,
          "mae": 3.542759895324707,
          "kendall_tau": 0.022465612976357168
        }
      },
      {
        "fold": 5,
        "n_train": 2717,
        "n_val": 679,
        "train": {
          "spearman": -0.032032621493203524,
          "pearson": -0.059081077575683594,
          "r2": -0.4487079381942749,
          "rmse": 3.1661017733883927,
          "mae": 2.4085309505462646,
          "kendall_tau": -0.02279779321309638
        },
        "val": {
          "spearman": 0.02855142093176964,
          "pearson": 0.040024250745773315,
          "r2": -0.33391427993774414,
          "rmse": 2.972104075174184,
          "mae": 2.270667791366577,
          "kendall_tau": 0.017886235376060218
        }
      }
    ],
    "summary": {
      "train_spearman_mean": -0.07468052192666222,
      "val_spearman_mean": -0.0656008378032013,
      "train_spearman_std": 0.16222327522522823,
      "val_spearman_std": 0.17461685559141976,
      "gap_spearman_mean": -0.009079684123460918
    },
    "overfitting_check": {
      "threshold": 0.15,