{
  "GraphSAGE": {
    "model_name": "GraphSAGE",
    "n_folds": 3,
    "device": "cpu",
    "fold_results": [
      {
        "fold": 1,
        "n_train": 2264,
        "n_val": 1132,
        "train": {
          "spearman": 0.024469121524100627,
          "pearson": 0.053208086639642715,
          "r2": -0.6749496459960938,
          "rmse": 3.1747964268098467,
          "mae": 2.465991497039795,
          "kendall_tau": 0.015211325231393532
        },
        "val": {
          "spearman": -0.025752896893573445,
          "pearson": 0.07131025195121765,
          "r2": -0.7073183059692383,
          "rmse": 3.7724500671277506,
          "mae": 2.8550968170166016,
          "kendall_tau": -0.018295221568142565
        }
      },
      {
        "fold": 2,
        "n_train": 2264,
        "n_val": 1132,
        "train": {
          "spearman": 0.10902127699808799,
          "pearson": 0.1287354826927185,
          "r2": -0.4752838611602783,
          "rmse": 3.2070135564466997,
          "mae": 2.5401740074157715,
          "kendall_tau": 0.07215785936925126
        },
        "val": {
          "spearman": 0.14298381330317275,
          "pearson": 0.14350655674934387,
          "r2": -0.42755115032196045,
          "rmse": 3.0769923880913437,
          "mae": 2.3632164001464844,
          "kendall_tau": 0.09725961817627742
        }
      },
      {
        "fold": 3,
        "n_train": 2264,
        "n_val": 1132,
        "train": {
          "spearman": -0.08557230687123622,
          "pearson": -0.14698705077171326,
          "r2": -1.5588884353637695,
          "rmse": 4.390333933023436,
          "mae": 3.1455841064453125,
          "kendall_tau": -0.0574228333404429
        },
        "val": {
          "spearman": -0.08292776742222169,
          "pearson": -0.0638740286231041,
          "r2": -1.2417922019958496,
          "rmse": 3.470859882547808,
          "mae": 2.6589841842651367,
          "kendall_tau": -0.05669007931146803
        }
      }
    ],
    "summary": {
      "train_spearman_mean": 0.01597269721698413,
      "val_spearman_mean": 0.011434382995792539,
      "train_spearman_std": 0.07966934851949796,
      "val_spearman_std": 0.09590335731224127,
      "gap_spearman_mean": 0.00453831422119159
    },
    "overfitting_check": {
      "threshold": 0.15,
      "gaps": [
        0.05022201841767407,
        -0.033962536305084765,
        -0.002644539449014535
      ],
      "mean_gap": 0.00453831422119159,
      "max_gap": 0.05022201841767407,
      "overfitting_flags": [
        false,
        false,
        false
      ],
      "n_overfitting_folds": 0
    },
    "stability_check": {
      "threshold": 0.05,
      "val_spearman_std": 0.09590335731224127,
      "val_spearman_scores": [
        -0.025752896893573445,
        0.14298381330317275,
        -0.08292776742222169
      ],
      "unstable": true,
      "warning": "Unstable across folds (std=0.0959)"
    }
  },
  "GAT": {
    "model_name": "GAT",
    "n_folds": 3,
    "device": "cpu",
    "fold_results": [
      {
        "fold": 1,
        "n_train": 2264,
        "n_val": 1132,
        "train": {
          "spearman": -0.09943563464161935,
          "pearson": -0.05532443895936012,
          "r2": -1.6801717281341553,
          "rmse": 4.016024202327068,
          "mae": 3.3240325450897217,
          "kendall_tau": -0.06723903506261286
        },
        "val": {
          "spearman": -0.13094245052546125,
          "pearson": -0.020260406658053398,
          "r2": -0.7759697437286377,
          "rmse": 3.8475479343097887,
          "mae": 3.2550621032714844,
          "kendall_tau": -0.09314917847198163
        }
      },
      {
        "fold": 2,
        "n_train": 2264,
        "n_val": 1132,
        "train": {
          "spearman": -0.1157620943173,
          "pearson": -0.10853169858455658,
          "r2": -1.1773905754089355,
          "rmse": 3.8961096408933753,
          "mae": 3.247124433517456,
          "kendall_tau": -0.0759445739123985
        },
        "val": {
          "spearman": -0.11738212640320292,
          "pearson": -0.10204417258501053,
          "r2": -1.2818217277526855,
          "rmse": 3.89019564668599,
          "mae": 3.2402453422546387,
          "kendall_tau": -0.08041493207448758
        }
      },
      {
        "fold": 3,
        "n_train": 2264,
        "n_val": 1132,
        "train": {
          "spearman": 0.3104272612362521,
          "pearson": 0.29051443934440613,
          "r2": -4.586963176727295,
          "rmse": 6.487237578801056,
          "mae": 5.116877555847168,
          "kendall_tau": 0.21100709358871722
        },
        "val": {
          "spearman": 0.11963520609339164,
          "pearson": 0.15968745946884155,
          "r2": -6.248673915863037,
          "rmse": 6.2412084162537935,
          "mae": 5.047752857208252,
          "kendall_tau": 0.0796348126037696
        }
      }
    ],
    "summary": {
      "train_spearman_mean": 0.03174317742577757,
      "val_spearman_mean": -0.042896456945090845,
      "train_spearman_std": 0.19717209445616807,
      "val_spearman_std": 0.11506049630554148,
      "gap_spearman_mean": 0.07463963437086842
    },
    "overfitting_check": {
      "threshold": 0.15,
      "gaps": [
        0.031506815883841896,
        0.0016200320859029171,
        0.19079205514286046
      ],
      "mean_gap": 0.07463963437086842,
      "max_gap": 0.19079205514286046,
      "overfitting_flags": [
        false,
        false,
        true
      ],
      "n_overfitting_folds": 1,
      "warning": "Overfitting detected in 1 fold(s)"
    },
    "stability_check": {
      "threshold": 0.05,
      "val_spearman_std": 0.11506049630554148,
      "val_spearman_scores": [
        -0.13094245052546125,
        -0.11738212640320292,
        0.11963520609339164
      ],
      "unstable": true,
      "warning": "Unstable across folds (std=0.1151)"
    }
  }
}