{
  "GraphSAGE": {
    "model_name": "GraphSAGE",
    "n_folds": 3,
    "device": "cpu",
    "fold_results": [
      {
        "fold": 1,
        "n_train": 2264,
        "n_val": 1132,
        "train": {
          "spearman": -0.06372529721814958,
          "pearson": -0.09615790843963623,
          "r2": -1.0506250858306885,
          "rmse": 3.5128381152339387,
          "mae": 2.8927645683288574,
          "kendall_tau": -0.04137070596690827
        },
        "val": {
          "spearman": -0.2014897040846293,
          "pearson": -0.13159358501434326,
          "r2": -0.8452341556549072,
          "rmse": 3.921859315635657,
          "mae": 3.2406299114227295,
          "kendall_tau": -0.13531215234605656
        }
      },
      {
        "fold": 2,
        "n_train": 2264,
        "n_val": 1132,
        "train": {
          "spearman": 0.12125784073513174,
          "pearson": 0.1424577385187149,
          "r2": -0.3645904064178467,
          "rmse": 3.084353578873816,
          "mae": 2.4347662925720215,
          "kendall_tau": 0.07989428680756282
        },
        "val": {
          "spearman": 0.17508020286822057,
          "pearson": 0.12860983610153198,
          "r2": -0.42279958724975586,
          "rmse": 3.0718673379982966,
          "mae": 2.420445203781128,
          "kendall_tau": 0.11957135608195218
        }
      },
      {
        "fold": 3,
        "n_train": 2264,
        "n_val": 1132,
        "train": {
          "spearman": 0.2400971473327338,
          "pearson": 0.25285667181015015,
          "r2": -0.06109583377838135,
          "rmse": 2.827152232429448,
          "mae": 2.114948272705078,
          "kendall_tau": 0.1631224611576
        },
        "val": {
          "spearman": 0.05407879361903718,
          "pearson": 0.1332826316356659,
          "r2": -0.3137025833129883,
          "rmse": 2.6569779240125775,
          "mae": 2.116814374923706,
          "kendall_tau": 0.03707317077949146
        }
      }
    ],
    "summary": {
      "train_spearman_mean": 0.09920989694990533,
      "val_spearman_mean": 0.009223097467542818,
      "train_spearman_std": 0.12501094171334504,
      "val_spearman_std": 0.1569718633249197,
      "gap_spearman_mean": 0.0899867994823625
    },
    "overfitting_check": {
      "threshold": 0.15,
      "gaps": [
        0.13776440686647973,
        -0.05382236213308883,
        0.18601835371369663
      ],
      "mean_gap": 0.0899867994823625,
      "max_gap": 0.18601835371369663,
      "overfitting_flags": [
        false,
        false,
        true
      ],
      "n_overfitting_folds": 1,
      "warning": "Overfitting detected in 1 fold(s)"
    },
    "stability_check": {
      "threshold": 0.05,
      "val_spearman_std": 0.1569718633249197,
      "val_spearman_scores": [
        -0.2014897040846293,
        0.17508020286822057,
        0.05407879361903718
      ],
      "unstable": true,
      "warning": "Unstable across folds (std=0.1570)"
    }
  },
  "GAT": {
    "model_name": "GAT",
    "n_folds": 3,
    "device": "cpu",
    "fold_results": [
      {
        "fold": 1,
        "n_train": 2264,
        "n_val": 1132,
        "train": {
          "spearman": 0.16485450399409396,
          "pearson": 0.20951199531555176,
          "r2": -2.2799060344696045,
          "rmse": 4.442686891075466,
          "mae": 3.4512078762054443,
          "kendall_tau": 0.11142566707508274
        },
        "val": {
          "spearman": 0.2515289332951578,
          "pearson": 0.19917675852775574,
          "r2": -1.8403489589691162,
          "rmse": 4.865775943048971,
          "mae": 3.7346019744873047,
          "kendall_tau": 0.1683404585888114
        }
      },
      {
        "fold": 2,
        "n_train": 2264,
        "n_val": 1132,
        "train": {
          "spearman": -0.15610474954661918,
          "pearson": -0.1557304561138153,
          "r2": -9.377008438110352,
          "rmse": 8.505485111240809,
          "mae": 7.650003910064697,
          "kendall_tau": -0.10448273926922527
        },
        "val": {
          "spearman": -0.18894769894217278,
          "pearson": -0.1658400297164917,
          "r2": -8.903122901916504,
          "rmse": 8.10432173736667,
          "mae": 7.115159511566162,
          "kendall_tau": -0.12550294546118054
        }
      },
      {
        "fold": 3,
        "n_train": 2264,
        "n_val": 1132,
        "train": {
          "spearman": -0.12449062694965661,
          "pearson": 0.015176014043390751,
          "r2": -3.4125261306762695,
          "rmse": 5.765215437900839,
          "mae": 4.14763069152832,
          "kendall_tau": -0.0878004449457171
        },
        "val": {
          "spearman": -0.04163524730676241,
          "pearson": -0.012213332578539848,
          "r2": -3.65799617767334,
          "rmse": 5.003097528385794,
          "mae": 3.4209976196289062,
          "kendall_tau": -0.026353344827360438
        }
      }
    ],
    "summary": {
      "train_spearman_mean": -0.03858029083406061,
      "val_spearman_mean": 0.006981995682074203,
      "train_spearman_std": 0.14442795204293374,
      "val_spearman_std": 0.18308038876162538,
      "gap_spearman_mean": -0.04556228651613481
    },
    "overfitting_check": {
      "threshold": 0.15,
      "gaps": [
        -0.08667442930106384,
        0.0328429493955536,
        -0.0828553796428942
      ],
      "mean_gap": -0.04556228651613481,
      "max_gap": 0.0328429493955536,
      "overfitting_flags": [
        false,
        false,
        false
      ],
      "n_overfitting_folds": 0
    },
    "stability_check": {
      "threshold": 0.05,
      "val_spearman_std": 0.18308038876162538,
      "val_spearman_scores": [
        0.2515289332951578,
        -0.18894769894217278,
        -0.04163524730676241
      ],
      "unstable": true,
      "warning": "Unstable across folds (std=0.1831)"
    }
  }
}