{
  "GraphSAGE": {
    "model_name": "GraphSAGE",
    "n_folds": 3,
    "device": "cpu",
    "fold_results": [
      {
        "fold": 1,
        "n_train": 2264,
        "n_val": 1132,
        "train": {
          "spearman": 0.16351965054623407,
          "pearson": 0.23430749773979187,
          "r2": -0.0877072811126709,
          "rmse": 2.5521348805314528,
          "mae": 2.030444383621216,
          "kendall_tau": 0.11087788445927056
        },
        "val": {
          "spearman": 0.14363508725214386,
          "pearson": 0.1530512273311615,
          "r2": -0.05180513858795166,
          "rmse": 2.974986542743411,
          "mae": 2.3353967666625977,
          "kendall_tau": 0.0957958855134645
        }
      },
      {
        "fold": 2,
        "n_train": 2264,
        "n_val": 1132,
        "train": {
          "spearman": 0.058649118352317314,
          "pearson": 0.05525282025337219,
          "r2": -0.4765491485595703,
          "rmse": 3.3148897295947206,
          "mae": 2.520085573196411,
          "kendall_tau": 0.03909047578813642
        },
        "val": {
          "spearman": 0.019901562641400344,
          "pearson": 0.047138091176748276,
          "r2": -0.602089524269104,
          "rmse": 3.008001940817917,
          "mae": 2.229398250579834,
          "kendall_tau": 0.015472340710777438
        }
      },
      {
        "fold": 3,
        "n_train": 2264,
        "n_val": 1132,
        "train": {
          "spearman": 0.02656949381950182,
          "pearson": 0.025662753731012344,
          "r2": -0.2986946105957031,
          "rmse": 3.037405626377213,
          "mae": 2.475752353668213,
          "kendall_tau": 0.018785614382641376
        },
        "val": {
          "spearman": 0.0902008937533735,
          "pearson": 0.053414732217788696,
          "r2": -0.36422407627105713,
          "rmse": 2.9383170432253882,
          "mae": 2.415984630584717,
          "kendall_tau": 0.061539134578343355
        }
      }
    ],
    "summary": {
      "train_spearman_mean": 0.08291275423935107,
      "val_spearman_mean": 0.08457918121563923,
      "train_spearman_std": 0.05848292843051464,
      "val_spearman_std": 0.050670168850728836,
      "gap_spearman_mean": -0.0016664269762881646
    },
    "overfitting_check": {
      "threshold": 0.15,
      "gaps": [
        0.01988456329409022,
        0.03874755571091697,
        -0.06363139993387168
      ],
      "mean_gap": -0.0016664269762881646,
      "max_gap": 0.03874755571091697,
      "overfitting_flags": [
        false,
        false,
        false
      ],
      "n_overfitting_folds": 0
    },
    "stability_check": {
      "threshold": 0.05,
      "val_spearman_std": 0.050670168850728836,
      "val_spearman_scores": [
        0.14363508725214386,
        0.019901562641400344,
        0.0902008937533735
      ],
      "unstable": true,
      "warning": "Unstable across folds (std=0.0507)"
    }
  },
  "GAT": {
    "model_name": "GAT",
    "n_folds": 3,
    "device": "cpu",
    "fold_results": [
      {
        "fold": 1,
        "n_train": 2264,
        "n_val": 1132,
        "train": {
          "spearman": -0.12711032614952814,
          "pearson": -0.09420384466648102,
          "r2": -6.599981784820557,
          "rmse": 6.746117216863498,
          "mae": 5.651294708251953,
          "kendall_tau": -0.08601120455892139
        },
        "val": {
          "spearman": -0.1641678858351838,
          "pearson": -0.10761020332574844,
          "r2": -5.129219055175781,
          "rmse": 7.181578743019358,
          "mae": 6.050584316253662,
          "kendall_tau": -0.10983311412866553
        }
      },
      {
        "fold": 2,
        "n_train": 2264,
        "n_val": 1132,
        "train": {
          "spearman": 0.08565605687897826,
          "pearson": 0.16878880560398102,
          "r2": -0.19154822826385498,
          "rmse": 2.9778370769093816,
          "mae": 2.301170587539673,
          "kendall_tau": 0.0574374005002786
        },
        "val": {
          "spearman": 0.05825320312286105,
          "pearson": 0.07151506841182709,
          "r2": -0.4069991111755371,
          "rmse": 2.818912739929946,
          "mae": 2.158445119857788,
          "kendall_tau": 0.038926456606318036
        }
      },
      {
        "fold": 3,
        "n_train": 2264,
        "n_val": 1132,
        "train": {
          "spearman": 0.081880241727693,
          "pearson": 0.14015710353851318,
          "r2": -1.0805914402008057,
          "rmse": 3.8445246466378595,
          "mae": 2.9633874893188477,
          "kendall_tau": 0.05507390704940627
        },
        "val": {
          "spearman": 0.09783226938101557,
          "pearson": 0.0749390721321106,
          "r2": -1.0260295867919922,
          "rmse": 3.5807886329105694,
          "mae": 2.802469253540039,
          "kendall_tau": 0.06536335723368239
        }
      }
    ],
    "summary": {
      "train_spearman_mean": 0.01347532415238104,
      "val_spearman_mean": -0.0026941377771023908,
      "train_spearman_std": 0.09942101722178663,
      "val_spearman_std": 0.11531682185876846,
      "gap_spearman_mean": 0.01616946192948343
    },
    "overfitting_check": {
      "threshold": 0.15,
      "gaps": [
        0.03705755968565566,
        0.02740285375611721,
        -0.01595202765332257
      ],
      "mean_gap": 0.01616946192948343,
      "max_gap": 0.03705755968565566,
      "overfitting_flags": [
        false,
        false,
        false
      ],
      "n_overfitting_folds": 0
    },
    "stability_check": {
      "threshold": 0.05,
      "val_spearman_std": 0.11531682185876846,
      "val_spearman_scores": [
        -0.1641678858351838,
        0.05825320312286105,
        0.09783226938101557
      ],
      "unstable": true,
      "warning": "Unstable across folds (std=0.1153)"
    }
  }
}