{
  "GraphSAGE": {
    "model_name": "GraphSAGE",
    "n_folds": 5,
    "device": "cpu",
    "fold_results": [
      {
        "fold": 1,
        "n_train": 2716,
        "n_val": 680,
        "train": {
          "spearman": 0.20201937561013505,
          "pearson": 0.2762935757637024,
          "r2": 0.052453696727752686,
          "rmse": 2.5357475355336234,
          "mae": 1.9407209157943726,
          "kendall_tau": 0.13738710548169786
        },
        "val": {
          "spearman": 0.18375543447854167,
          "pearson": 0.23527832329273224,
          "r2": 0.021273314952850342,
          "rmse": 2.6469375729061047,
          "mae": 2.0605757236480713,
          "kendall_tau": 0.12481589942147583
        }
      },
      {
        "fold": 2,
        "n_train": 2717,
        "n_val": 679,
        "train": {
          "spearman": 0.19540808785661395,
          "pearson": 0.2672087550163269,
          "r2": -0.18215739727020264,
          "rmse": 2.8318495698728703,
          "mae": 2.1873815059661865,
          "kendall_tau": 0.13198070803000034
        },
        "val": {
          "spearman": 0.12838958786946636,
          "pearson": 0.1624639928340912,
          "r2": -0.2982501983642578,
          "rmse": 3.0471172529895854,
          "mae": 2.2846455574035645,
          "kendall_tau": 0.08584716512665821
        }
      },
      {
        "fold": 3,
        "n_train": 2717,
        "n_val": 679,
        "train": {
          "spearman": 0.16436633693683841,
          "pearson": 0.21882881224155426,
          "r2": -0.1178368330001831,
          "rmse": 2.7899187413896356,
          "mae": 2.162304162979126,
          "kendall_tau": 0.11128461629552037
        },
        "val": {
          "spearman": 0.16026836708308667,
          "pearson": 0.24184928834438324,
          "r2": -0.10873925685882568,
          "rmse": 2.6731119248590183,
          "mae": 2.071699380874634,
          "kendall_tau": 0.10769491437976454
        }
      },
      {
        "fold": 4,
        "n_train": 2717,
        "n_val": 679,
        "train": {
          "spearman": 0.1186317057452061,
          "pearson": 0.15348714590072632,
          "r2": -0.35359513759613037,
          "rmse": 3.044751488577888,
          "mae": 2.3461835384368896,
          "kendall_tau": 0.08088132761840792
        },
        "val": {
          "spearman": 0.1455498725058477,
          "pearson": 0.18321192264556885,
          "r2": -0.2964622974395752,
          "rmse": 2.9892442535322186,
          "mae": 2.2448158264160156,
          "kendall_tau": 0.09928988660502185
        }
      },
      {
        "fold": 5,
        "n_train": 2717,
        "n_val": 679,
        "train": {
          "spearman": 0.03615054285907077,
          "pearson": 0.07729899138212204,
          "r2": -0.15490806102752686,
          "rmse": 2.8268849726114547,
          "mae": 2.10992169380188,
          "kendall_tau": 0.023727130414753182
        },
        "val": {
          "spearman": -0.005410972446032425,
          "pearson": 0.08269961178302765,
          "r2": -0.16787898540496826,
          "rmse": 2.780987159224751,
          "mae": 2.076404571533203,
          "kendall_tau": -0.005039610907579273
        }
      }
    ],
    "summary": {
      "train_spearman_mean": 0.14331520980157286,
      "val_spearman_mean": 0.122510457898182,
      "train_spearman_std": 0.06114987848622388,
      "val_spearman_std": 0.06649192131129494,
      "gap_spearman_mean": 0.020804751903390862
    },
    "overfitting_check": {
      "threshold": 0.15,
      "gaps": [
        0.01826394113159338,
        0.0670184999871476,
        0.004097969853751743,
        -0.0269181667606416,
        0.04156151530510319
      ],
      "mean_gap": 0.020804751903390862,
      "max_gap": 0.0670184999871476,
      "overfitting_flags": [
        false,
        false,
        false,
        false,
        false
      ],
      "n_overfitting_folds": 0
    },
    "stability_check": {
      "threshold": 0.05,
      "val_spearman_std": 0.06649192131129494,
      "val_spearman_scores": [
        0.18375543447854167,
        0.12838958786946636,
        0.16026836708308667,
        0.1455498725058477,
        -0.005410972446032425
      ],
      "unstable": true,
      "warning": "Unstable across folds (std=0.0665)"
    }
  },
  "GAT": {
    "model_name": "GAT",
    "n_folds": 5,
    "device": "cpu",
    "fold_results": [
      {
        "fold": 1,
        "n_train": 2716,
        "n_val": 680,
        "train": {
          "spearman": 0.10969393701343147,
          "pearson": 0.17344863712787628,
          "r2": -0.9198393821716309,
          "rmse": 3.609426787033785,
          "mae": 2.9161593914031982,
          "kendall_tau": 0.07404675011793808
        },
        "val": {
          "spearman": 0.06315737259110848,
          "pearson": 0.1323530375957489,
          "r2": -0.9639725685119629,
          "rmse": 3.749563446065659,
          "mae": 3.0906875133514404,
          "kendall_tau": 0.04207890771778358
        }
      },
      {
        "fold": 2,
        "n_train": 2717,
        "n_val": 679,
        "train": {
          "spearman": 0.2119981230639132,
          "pearson": 0.2350165843963623,
          "r2": -52.08907699584961,
          "rmse": 18.97733038663541,
          "mae": 17.822772979736328,
          "kendall_tau": 0.1434851226992278
        },
        "val": {
          "spearman": 0.24306737969128048,
          "pearson": 0.23243850469589233,
          "r2": -50.90776443481445,
          "rmse": 19.26753367724853,
          "mae": 18.126619338989258,
          "kendall_tau": 0.1666587018068372
        }
      },
      {
        "fold": 3,
        "n_train": 2717,
        "n_val": 679,
        "train": {
          "spearman": 0.19772857437032512,
          "pearson": 0.1912120282649994,
          "r2": -9.843696594238281,
          "rmse": 8.689424809250898,
          "mae": 7.99972677230835,
          "kendall_tau": 0.1315537022029906
        },
        "val": {
          "spearman": 0.1676658356837222,
          "pearson": 0.18935199081897736,
          "r2": -10.818496704101562,
          "rmse": 8.72737335017024,
          "mae": 8.044083595275879,
          "kendall_tau": 0.11125785809992685
        }
      },
      {
        "fold": 4,
        "n_train": 2717,
        "n_val": 679,
        "train": {
          "spearman": 0.07984607403159302,
          "pearson": 0.1565038561820984,
          "r2": -0.7299041748046875,
          "rmse": 3.4420604625225764,
          "mae": 2.781572103500366,
          "kendall_tau": 0.05336475493258598
        },
        "val": {
          "spearman": 0.06166371508883482,
          "pearson": 0.15388400852680206,
          "r2": -0.7212655544281006,
          "rmse": 3.4443352452951532,
          "mae": 2.8128750324249268,
          "kendall_tau": 0.041138264370282646
        }
      },
      {
        "fold": 5,
        "n_train": 2717,
        "n_val": 679,
        "train": {
          "spearman": -0.0446130047637343,
          "pearson": -0.11198632419109344,
          "r2": -1.6447548866271973,
          "rmse": 4.277865889221179,
          "mae": 3.433985948562622,
          "kendall_tau": -0.027774254370011218
        },
        "val": {
          "spearman": -0.09665537791506974,
          "pearson": -0.15034343302249908,
          "r2": -1.8374083042144775,
          "rmse": 4.334719265094077,
          "mae": 3.499791383743286,
          "kendall_tau": -0.06385114000264279
        }
      }
    ],
    "summary": {
      "train_spearman_mean": 0.11093074074310569,
      "val_spearman_mean": 0.08777978502797526,
      "train_spearman_std": 0.09263921701513556,
      "val_spearman_std": 0.11471761833196534,
      "gap_spearman_mean": 0.02315095571513045
    },
    "overfitting_check": {
      "threshold": 0.15,