{
  "GraphSAGE": {
    "model_name": "GraphSAGE",
    "n_folds": 3,
    "device": "cpu",
    "fold_results": [
      {
        "fold": 1,
        "n_train": 2264,
        "n_val": 1132,
        "train": {
          "spearman": 0.057832517885064334,
          "pearson": 0.08542975783348083,
          "r2": -0.14977014064788818,
          "rmse": 2.630392258259595,
          "mae": 2.052924156188965,
          "kendall_tau": 0.039444200688560936
        },
        "val": {
          "spearman": -0.048213503232816146,
          "pearson": -0.033927686512470245,
          "r2": -0.17605745792388916,
          "rmse": 3.1309816713774397,
          "mae": 2.407891273498535,
          "kendall_tau": -0.03245523252311176
        }
      },
      {
        "fold": 2,
        "n_train": 2264,
        "n_val": 1132,
        "train": {
          "spearman": 0.24351298046016914,
          "pearson": 0.3580021560192108,
          "r2": 0.09428250789642334,
          "rmse": 2.5128085084600476,
          "mae": 1.9431240558624268,
          "kendall_tau": 0.16558367227905413
        },
        "val": {
          "spearman": 0.3805157549484652,
          "pearson": 0.37572890520095825,
          "r2": 0.12679272890090942,
          "rmse": 2.40651879729002,
          "mae": 1.8055939674377441,
          "kendall_tau": 0.26024059904362273
        }
      },
      {
        "fold": 3,
        "n_train": 2264,
        "n_val": 1132,
        "train": {
          "spearman": 0.1332113958012343,
          "pearson": 0.16938519477844238,
          "r2": -0.05468189716339111,
          "rmse": 2.8185946233517427,
          "mae": 2.1275076866149902,
          "kendall_tau": 0.08777752905066241
        },
        "val": {
          "spearman": 0.04738572151100923,
          "pearson": 0.2253665328025818,
          "r2": -0.0529179573059082,
          "rmse": 2.37868364667534,
          "mae": 1.8915653228759766,
          "kendall_tau": 0.03105081614844407
        }
      }
    ],
    "summary": {
      "train_spearman_mean": 0.1448522980488226,
      "val_spearman_mean": 0.12656265774221942,
      "train_spearman_std": 0.07624933442061273,
      "val_spearman_std": 0.18376422326519162,
      "gap_spearman_mean": 0.018289640306603173
    },
    "overfitting_check": {
      "threshold": 0.15,
      "gaps": [
        0.10604602111788047,
        -0.13700277448829604,
        0.08582567429022508
      ],
      "mean_gap": 0.018289640306603173,
      "max_gap": 0.10604602111788047,
      "overfitting_flags": [
        false,
        false,
        false
      ],
      "n_overfitting_folds": 0
    },
    "stability_check": {
      "threshold": 0.05,
      "val_spearman_std": 0.18376422326519162,
      "val_spearman_scores": [
        -0.048213503232816146,
        0.3805157549484652,
        0.04738572151100923
      ],
      "unstable": true,
      "warning": "Unstable across folds (std=0.1838)"
    }
  },
  "GAT": {
    "model_name": "GAT",
    "n_folds": 3,
    "device": "cpu",
    "fold_results": [
      {
        "fold": 1,
        "n_train": 2264,
        "n_val": 1132,
        "train": {
          "spearman": 0.17994116727399576,
          "pearson": 0.20480358600616455,
          "r2": -3.776185989379883,
          "rmse": 5.361121246293172,
          "mae": 4.744225025177002,
          "kendall_tau": 0.11982604830969386
        },
        "val": {
          "spearman": 0.2096186558624846,
          "pearson": 0.1924399733543396,
          "r2": -2.680466651916504,
          "rmse": 5.538825757733866,
          "mae": 4.754368782043457,
          "kendall_tau": 0.13910501827374122
        }
      },
      {
        "fold": 2,
        "n_train": 2264,
        "n_val": 1132,
        "train": {
          "spearman": -0.15044884414800525,
          "pearson": -0.13419660925865173,
          "r2": -21.743797302246094,
          "rmse": 12.591993640127358,
          "mae": 11.813410758972168,
          "kendall_tau": -0.1000942753924537
        },
        "val": {
          "spearman": -0.1795046217482124,
          "pearson": -0.14726734161376953,
          "r2": -22.422969818115234,
          "rmse": 12.463831340113869,
          "mae": 11.538405418395996,
          "kendall_tau": -0.12388445972647234
        }
      },
      {
        "fold": 3,
        "n_train": 2264,
        "n_val": 1132,
        "train": {
          "spearman": 0.18801333069745194,
          "pearson": 0.2824784517288208,
          "r2": -0.37106287479400635,
          "rmse": 3.2136648062798305,
          "mae": 2.491791009902954,
          "kendall_tau": 0.126307731362982
        },
        "val": {
          "spearman": 0.0017518485641264668,
          "pearson": 0.05223558843135834,
          "r2": -1.0663337707519531,
          "rmse": 3.332265794197869,
          "mae": 2.53540301322937,
          "kendall_tau": -0.0018090725488715462
        }
      }
    ],
    "summary": {
      "train_spearman_mean": 0.07250188460781415,
      "val_spearman_mean": 0.010621960892799551,
      "train_spearman_std": 0.15768441171138206,
      "val_spearman_std": 0.158982683468285,
      "gap_spearman_mean": 0.0618799237150146
    },
    "overfitting_check": {
      "threshold": 0.15,
      "gaps": [
        -0.029677488588488843,
        0.029055777600207167,
        0.18626148213332547
      ],
      "mean_gap": 0.0618799237150146,
      "max_gap": 0.18626148213332547,
      "overfitting_flags": [
        false,
        false,
        true
      ],
      "n_overfitting_folds": 1,
      "warning": "Overfitting detected in 1 fold(s)"
    },
    "stability_check": {
      "threshold": 0.05,
      "val_spearman_std": 0.158982683468285,
      "val_spearman_scores": [
        0.2096186558624846,
        -0.1795046217482124,
        0.0017518485641264668
      ],
      "unstable": true,
      "warning": "Unstable across folds (std=0.1590)"
    }
  }
}