{
  "GraphSAGE": {
    "model_name": "GraphSAGE",
    "n_folds": 3,
    "device": "cpu",
    "fold_results": [
      {
        "fold": 1,
        "n_train": 2264,
        "n_val": 1132,
        "train": {
          "spearman": 0.2031518768679755,
          "pearson": 0.2571164071559906,
          "r2": 0.043692827224731445,
          "rmse": 2.3930199289157597,
          "mae": 1.821284294128418,
          "kendall_tau": 0.13792220400146452
        },
        "val": {
          "spearman": 0.23211404302650263,
          "pearson": 0.25710329413414,
          "r2": 0.022278428077697754,
          "rmse": 2.868302546824876,
          "mae": 2.1741459369659424,
          "kendall_tau": 0.1544732087340406
        }
      },
      {
        "fold": 2,
        "n_train": 2264,
        "n_val": 1132,
        "train": {
          "spearman": 0.24743889121587395,
          "pearson": 0.25739943981170654,
          "r2": -0.3413660526275635,
          "rmse": 3.1595031289702273,
          "mae": 2.5094871520996094,
          "kendall_tau": 0.16756371346946827
        },
        "val": {
          "spearman": 0.22392520997824872,
          "pearson": 0.22531510889530182,
          "r2": -0.6143416166305542,
          "rmse": 3.019482137223892,
          "mae": 2.4067890644073486,
          "kendall_tau": 0.15125525319239413
        }
      },
      {
        "fold": 3,
        "n_train": 2264,
        "n_val": 1132,
        "train": {
          "spearman": 0.2388180722735537,
          "pearson": 0.2976070046424866,
          "r2": 0.03385424613952637,
          "rmse": 2.619814792376782,
          "mae": 2.0408966541290283,
          "kendall_tau": 0.16212107789895333
        },
        "val": {
          "spearman": 0.26166653733136125,
          "pearson": 0.31768104434013367,
          "r2": 0.01821291446685791,
          "rmse": 2.4926681772502777,
          "mae": 2.028724431991577,
          "kendall_tau": 0.1780435644197968
        }
      }
    ],
    "summary": {
      "train_spearman_mean": 0.22980294678580104,
      "val_spearman_mean": 0.23923526344537085,
      "train_spearman_std": 0.0191709724259132,
      "val_spearman_std": 0.01620978681299828,
      "gap_spearman_mean": -0.009432316659569812
    },
    "overfitting_check": {
      "threshold": 0.15,
      "gaps": [
        -0.02896216615852712,
        0.023513681237625234,
        -0.02284846505780755
      ],
      "mean_gap": -0.009432316659569812,
      "max_gap": 0.023513681237625234,
      "overfitting_flags": [
        false,
        false,
        false
      ],
      "n_overfitting_folds": 0
    },
    "stability_check": {
      "threshold": 0.05,
      "val_spearman_std": 0.01620978681299828,
      "val_spearman_scores": [
        0.23211404302650263,
        0.22392520997824872,
        0.26166653733136125
      ],
      "unstable": false
    }
  },
  "GAT": {
    "model_name": "GAT",
    "n_folds": 3,
    "device": "cpu",
    "fold_results": [
      {
        "fold": 1,
        "n_train": 2264,
        "n_val": 1132,
        "train": {
          "spearman": 0.16478891329197004,
          "pearson": 0.1438894122838974,
          "r2": -41.17149353027344,
          "rmse": 15.891214575468855,
          "mae": 14.172222137451172,
          "kendall_tau": 0.11078035471592332
        },
        "val": {
          "spearman": 0.1975441318759455,
          "pearson": 0.2300931066274643,
          "r2": -25.797916412353516,
          "rmse": 15.016470957732182,
          "mae": 13.03095531463623,
          "kendall_tau": 0.1263901030869563
        }
      },
      {
        "fold": 2,
        "n_train": 2264,
        "n_val": 1132,
        "train": {
          "spearman": 0.07892827274807417,
          "pearson": 0.08375382423400879,
          "r2": -1.0305914878845215,
          "rmse": 3.887374684561727,
          "mae": 2.9662749767303467,
          "kendall_tau": 0.04971851059052362
        },
        "val": {
          "spearman": -0.02740828760203636,
          "pearson": -0.16362714767456055,
          "r2": -2.385796308517456,
          "rmse": 4.37285561460658,
          "mae": 3.026752471923828,
          "kendall_tau": -0.017278361299803265
        }
      },
      {
        "fold": 3,
        "n_train": 2264,
        "n_val": 1132,
        "train": {
          "spearman": 0.04625751531762085,
          "pearson": 0.017740903422236443,
          "r2": -0.44430840015411377,
          "rmse": 3.2031644493092837,
          "mae": 2.4364206790924072,
          "kendall_tau": 0.029489420908988574
        },
        "val": {
          "spearman": 0.08329342817592603,
          "pearson": 0.11125030368566513,
          "r2": -0.4369661808013916,
          "rmse": 3.015637175382238,
          "mae": 2.4341464042663574,
          "kendall_tau": 0.05266089120120725
        }
      }
    ],
    "summary": {
      "train_spearman_mean": 0.09665823378588835,
      "val_spearman_mean": 0.08447642414994505,
      "train_spearman_std": 0.04998790997324716,
      "val_spearman_std": 0.09184025031490056,
      "gap_spearman_mean": 0.012181809635943298
    },
    "overfitting_check": {
      "threshold": 0.15,
      "gaps": [
        -0.032755218583975454,
        0.10633656035011052,
        -0.037035912858305174
      ],
      "mean_gap": 0.012181809635943298,
      "max_gap": 0.10633656035011052,
      "overfitting_flags": [
        false,
        false,
        false
      ],
      "n_overfitting_folds": 0
    },
    "stability_check": {
      "threshold": 0.05,
      "val_spearman_std": 0.09184025031490056,
      "val_spearman_scores": [
        0.1975441318759455,
        -0.02740828760203636,
        0.08329342817592603
      ],
      "unstable": true,
      "warning": "Unstable across folds (std=0.0918)"
    }
  }
}