{
  "GraphSAGE": {
    "model_name": "GraphSAGE",
    "n_folds": 3,
    "device": "cpu",
    "fold_results": [
      {
        "fold": 1,
        "n_train": 2264,
        "n_val": 1132,
        "train": {
          "spearman": 0.0756015290900496,
          "pearson": 0.05819810926914215,
          "r2": -0.5751959085464478,
          "rmse": 3.071248074547642,
          "mae": 2.5512027740478516,
          "kendall_tau": 0.05214848105262162
        },
        "val": {
          "spearman": 0.10086542197952757,
          "pearson": 0.12919089198112488,
          "r2": -0.2758685350418091,
          "rmse": 3.276576610529345,
          "mae": 2.6572265625,
          "kendall_tau": 0.06378581222300646
        }
      },
      {
        "fold": 2,
        "n_train": 2264,
        "n_val": 1132,
        "train": {
          "spearman": 0.2554763080156905,
          "pearson": 0.3104162812232971,
          "r2": -0.27346932888031006,
          "rmse": 3.0785015669783546,
          "mae": 2.4638030529022217,
          "kendall_tau": 0.17318971487541032
        },
        "val": {
          "spearman": 0.23003826086738033,
          "pearson": 0.34388571977615356,
          "r2": -0.7005127668380737,
          "rmse": 3.0990221203989763,
          "mae": 2.4284327030181885,
          "kendall_tau": 0.15733858262775027
        }
      },
      {
        "fold": 3,
        "n_train": 2264,
        "n_val": 1132,
        "train": {
          "spearman": 0.24434283157750722,
          "pearson": 0.3450177311897278,
          "r2": 0.10433423519134521,
          "rmse": 2.522448177504747,
          "mae": 1.8988438844680786,
          "kendall_tau": 0.16647339863459965
        },
        "val": {
          "spearman": 0.26750447433226177,
          "pearson": 0.31896281242370605,
          "r2": 0.09672856330871582,
          "rmse": 2.3909194864639782,
          "mae": 1.8492690324783325,
          "kendall_tau": 0.17995260235782318
        }
      }
    ],
    "summary": {
      "train_spearman_mean": 0.1918068895610824,
      "val_spearman_mean": 0.19946938572638992,
      "train_spearman_std": 0.08229521219792359,
      "val_spearman_std": 0.07138153607104768,
      "gap_spearman_mean": -0.007662496165307453
    },
    "overfitting_check": {
      "threshold": 0.15,
      "gaps": [
        -0.025263892889477974,
        0.02543804714831016,
        -0.023161642754754547
      ],
      "mean_gap": -0.007662496165307453,
      "max_gap": 0.02543804714831016,
      "overfitting_flags": [
        false,
        false,
        false
      ],
      "n_overfitting_folds": 0
    },
    "stability_check": {
      "threshold": 0.05,
      "val_spearman_std": 0.07138153607104768,
      "val_spearman_scores": [
        0.10086542197952757,
        0.23003826086738033,
        0.26750447433226177
      ],
      "unstable": true,
      "warning": "Unstable across folds (std=0.0714)"
    }
  },
  "GAT": {
    "model_name": "GAT",
    "n_folds": 3,
    "device": "cpu",
    "fold_results": [
      {
        "fold": 1,
        "n_train": 2264,
        "n_val": 1132,
        "train": {
          "spearman": 0.1359394934948172,
          "pearson": 0.09237988293170929,
          "r2": -6.468503475189209,
          "rmse": 6.687509411956724,
          "mae": 5.665737152099609,
          "kendall_tau": 0.09109373776914688
        },
        "val": {
          "spearman": 0.12158064164396587,
          "pearson": 0.010909839533269405,
          "r2": -5.171913146972656,
          "rmse": 7.2065477162489024,
          "mae": 5.8596367835998535,
          "kendall_tau": 0.08011910472521123
        }
      },
      {
        "fold": 2,
        "n_train": 2264,
        "n_val": 1132,
        "train": {
          "spearman": 0.2668288275145149,
          "pearson": 0.33196258544921875,
          "r2": -0.30519044399261475,
          "rmse": 3.1166072295806093,
          "mae": 2.5650582313537598,
          "kendall_tau": 0.17985970718458252
        },
        "val": {
          "spearman": 0.23597861991060182,
          "pearson": 0.3975711464881897,
          "r2": -0.8100416660308838,
          "rmse": 3.197267862084969,
          "mae": 2.6445744037628174,
          "kendall_tau": 0.16168935076546337
        }
      },
      {
        "fold": 3,
        "n_train": 2264,
        "n_val": 1132,
        "train": {
          "spearman": 0.02057713400816035,
          "pearson": 0.09951517730951309,
          "r2": -0.7945773601531982,
          "rmse": 3.570510825360443,
          "mae": 2.7716622352600098,
          "kendall_tau": 0.0124135731510833
        },
        "val": {
          "spearman": 0.16893863047183114,
          "pearson": 0.2522466778755188,
          "r2": -0.6971584558486938,
          "rmse": 3.2773060665760396,
          "mae": 2.494365692138672,
          "kendall_tau": 0.11317359109552791
        }
      }
    ],
    "summary": {
      "train_spearman_mean": 0.1411151516724975,
      "val_spearman_mean": 0.17549929734213296,
      "train_spearman_std": 0.100598425159529,
      "val_spearman_std": 0.04693261921954875,
      "gap_spearman_mean": -0.03438414566963544
    },
    "overfitting_check": {
      "threshold": 0.15,
      "gaps": [
        0.01435885185085134,
        0.030850207603913105,
        -0.14836149646367078
      ],
      "mean_gap": -0.03438414566963544,
      "max_gap": 0.030850207603913105,
      "overfitting_flags": [
        false,
        false,
        false
      ],
      "n_overfitting_folds": 0
    },
    "stability_check": {
      "threshold": 0.05,
      "val_spearman_std": 0.04693261921954875,
      "val_spearman_scores": [
        0.12158064164396587,
        0.23597861991060182,
        0.16893863047183114
      ],
      "unstable": false
    }
  }
}