{
  "GraphSAGE": {
    "model_name": "GraphSAGE",
    "n_folds": 5,
    "device": "cpu",
    "fold_results": [
      {
        "fold": 1,
        "n_train": 2716,
        "n_val": 680,
        "train": {
          "spearman": -0.0423601646330248,
          "pearson": -0.012363895773887634,
          "r2": -2.751291036605835,
          "rmse": 5.045406541275742,
          "mae": 3.7578747272491455,
          "kendall_tau": -0.027149333542688295
        },
        "val": {
          "spearman": 0.011104363054575662,
          "pearson": 0.03821022808551788,
          "r2": -2.3742527961730957,
          "rmse": 4.914754118410563,
          "mae": 3.689685821533203,
          "kendall_tau": 0.007675913575860872
        }
      },
      {
        "fold": 2,
        "n_train": 2717,
        "n_val": 679,
        "train": {
          "spearman": 0.009520024886556254,
          "pearson": -0.04656987264752388,
          "r2": -0.7447662353515625,
          "rmse": 3.440338211510973,
          "mae": 2.551762104034424,
          "kendall_tau": 0.00612611426010625
        },
        "val": {
          "spearman": -0.03702021701024725,
          "pearson": -0.05030868947505951,
          "r2": -0.7617075443267822,
          "rmse": 3.549579009762342,
          "mae": 2.6759493350982666,
          "kendall_tau": -0.024172649371216697
        }
      },
      {
        "fold": 3,
        "n_train": 2717,
        "n_val": 679,
        "train": {
          "spearman": 0.09933261263011722,
          "pearson": 0.008927234448492527,
          "r2": -1.1251745223999023,
          "rmse": 3.846800299383237,
          "mae": 3.202737808227539,
          "kendall_tau": 0.06875465497040605
        },
        "val": {
          "spearman": 0.07890728773140428,
          "pearson": 0.02170403301715851,
          "r2": -1.2383790016174316,
          "rmse": 3.7981250102445054,
          "mae": 3.122811794281006,
          "kendall_tau": 0.054171119746713625
        }
      },
      {
        "fold": 4,
        "n_train": 2717,
        "n_val": 679,
        "train": {
          "spearman": 0.2777185013754012,
          "pearson": 0.35230568051338196,
          "r2": 0.08034855127334595,
          "rmse": 2.5096843068051844,
          "mae": 1.9848859310150146,
          "kendall_tau": 0.18884650720293047
        },
        "val": {
          "spearman": 0.33959359937253586,
          "pearson": 0.4188052713871002,
          "r2": 0.11843997240066528,
          "rmse": 2.464946085744563,
          "mae": 1.931574821472168,
          "kendall_tau": 0.23326650002611504
        }
      },
      {
        "fold": 5,
        "n_train": 2717,
        "n_val": 679,
        "train": {
          "spearman": 0.14765197542067218,
          "pearson": 0.14765247702598572,
          "r2": -0.3286851644515991,
          "rmse": 3.032113807535216,
          "mae": 2.3268752098083496,
          "kendall_tau": 0.09922981167151955
        },
        "val": {
          "spearman": 0.20313164957896188,
          "pearson": 0.2101782113313675,
          "r2": -0.2748500108718872,
          "rmse": 2.9055583500002795,
          "mae": 2.261556625366211,
          "kendall_tau": 0.13613436616683192
        }
      }
    ],
    "summary": {
      "train_spearman_mean": 0.09837258993594442,
      "val_spearman_mean": 0.1191433365454461,
      "train_spearman_std": 0.11161973118745688,
      "val_spearman_std": 0.13662413401959234,
      "gap_spearman_mean": -0.02077074660950167
    },
    "overfitting_check": {
      "threshold": 0.15,
      "gaps": [
        -0.05346452768760046,
        0.0465402418968035,
        0.020425324898712946,
        -0.06187509799713464,
        -0.055479674158289694
      ],
      "mean_gap": -0.02077074660950167,
      "max_gap": 0.0465402418968035,
      "overfitting_flags": [
        false,
        false,
        false,
        false,
        false
      ],
      "n_overfitting_folds": 0
    },
    "stability_check": {
      "threshold": 0.05,
      "val_spearman_std": 0.13662413401959234,
      "val_spearman_scores": [
        0.011104363054575662,
        -0.03702021701024725,
        0.07890728773140428,
        0.33959359937253586,
        0.20313164957896188
      ],
      "unstable": true,
      "warning": "Unstable across folds (std=0.1366)"
    }
  },
  "GAT": {
    "model_name": "GAT",
    "n_folds": 5,
    "device": "cpu",
    "fold_results": [
      {
        "fold": 1,
        "n_train": 2716,
        "n_val": 680,
        "train": {
          "spearman": -0.172993125519909,
          "pearson": -0.1933942288160324,
          "r2": -2.3197922706604004,
          "rmse": 4.746366215172946,
          "mae": 3.577556848526001,
          "kendall_tau": -0.11606048611875355
        },
        "val": {
          "spearman": -0.08863193882921448,
          "pearson": -0.12828603386878967,
          "r2": -2.0009467601776123,
          "rmse": 4.6349187119155015,
          "mae": 3.48478102684021,
          "kendall_tau": -0.05891666290744444
        }
      },
      {
        "fold": 2,
        "n_train": 2717,
        "n_val": 679,
        "train": {
          "spearman": 0.15917044791317042,
          "pearson": 0.22931815683841705,
          "r2": -2.4156718254089355,
          "rmse": 4.81360663038789,
          "mae": 3.9955904483795166,
          "kendall_tau": 0.10620997118845875
        },
        "val": {
          "spearman": 0.14480337811932018,
          "pearson": 0.1728893220424652,
          "r2": -2.602234125137329,
          "rmse": 5.075699728847911,
          "mae": 4.153461456298828,
          "kendall_tau": 0.10063994232046566
        }
      },
      {
        "fold": 3,
        "n_train": 2717,
        "n_val": 679,
        "train": {
          "spearman": 0.2441476737017767,
          "pearson": 0.3096406161785126,
          "r2": 0.029296398162841797,
          "rmse": 2.59983424612028,
          "mae": 1.9306259155273438,
          "kendall_tau": 0.16642806849870778
        },
        "val": {
          "spearman": 0.21720978964062598,
          "pearson": 0.30060824751853943,
          "r2": 0.021611809730529785,
          "rmse": 2.5110655034498737,
          "mae": 1.8933041095733643,
          "kendall_tau": 0.1462349708546287
        }
      },
      {
        "fold": 4,
        "n_train": 2717,
        "n_val": 679,
        "train": {
          "spearman": 0.09362302573110733,
          "pearson": 0.12214458733797073,
          "r2": -0.5445913076400757,
          "rmse": 3.2524772886030147,
          "mae": 2.690176010131836,
          "kendall_tau": 0.06284000051494848
        },
        "val": {
          "spearman": 0.07193546729812406,
          "pearson": 0.11083784699440002,
          "r2": -0.5983515977859497,
          "rmse": 3.319079217188946,
          "mae": 2.7558648586273193,
          "kendall_tau": 0.048893339627763883
        }
      },
      {
        "fold": 5,
        "n_train": 2717,
        "n_val": 679,
        "train": {
          "spearman": 0.08300208366564095,
          "pearson": 0.12832283973693848,
          "r2": -27.245634078979492,
          "rmse": 13.980094382386325,
          "mae": 12.293102264404297,
          "kendall_tau": 0.052298809151096526
        },
        "val": {
          "spearman": 0.0973981739228368,
          "pearson": 0.14410315454006195,
          "r2": -29.153615951538086,
          "rmse": 14.130898113500805,
          "mae": 12.487192153930664,
          "kendall_tau": 0.06218258123331307
        }
      }
    ],
    "summary": {
      "train_spearman_mean": 0.08139002109835727,
      "val_spearman_mean": 0.0885429740303385,
      "train_spearman_std": 0.13957283310726765,
      "val_spearman_std": 0.1014549713905968,
      "gap_spearman_mean": -0.007152952931981227
    },
    "overfitting_check": {
      "threshold": 0.15,