{
  "best_k": 4,
  "best_silhouette": 0.11788081377744675,
  "pca_explained_variance_ratio": [
    0.12368609011173248,
    0.09614080935716629
  ],
  "cluster_counts": {
    "0": 41,
    "1": 24,
    "2": 26,
    "3": 9
  }
}