{
  "n": 219,
  "logrank_p_value": 0.5002949471981895,
  "test_statistic": 1.3851149201657464
}