feature_set,model,AUC_mean,AUC_std,F1_mean,F1_std,Accuracy_mean,Accuracy_std
clinical_only,LogisticRegression,0.593613485280152,0.09146905204824862,0.37432206973436355,0.06203141218883263,0.550952380952381,0.03523809523809524
clinical_only,RandomForest,0.5519903450459006,0.09313605247139756,0.075,0.15,0.6704761904761906,0.03837988891354265
clinical_only,GradientBoosting,0.5420781893004116,0.09482807352252628,0.253921568627451,0.0791875313972889,0.6876190476190477,0.02363747361141117
image_only,LogisticRegression,0.5661443494776828,0.052858110511488046,0.2186651411136537,0.11163763985887748,0.6417460317460317,0.07027929022419573
image_only,RandomForest,0.44143716365938585,0.015524556433505773,0.03333333333333333,0.06666666666666667,0.7442857142857143,0.018294640678379572
image_only,GradientBoosting,0.5454969927192149,0.09823694628809777,0.12802413273001506,0.12966340892720085,0.6531746031746031,0.04713510705362207
image_clinical,LogisticRegression,0.5618471035137701,0.06776836693894975,0.27485597926101357,0.08980915551602377,0.6706349206349207,0.06032999034432074
image_clinical,RandomForest,0.46557850585628363,0.04078596305519252,0.03333333333333333,0.06666666666666667,0.7442857142857143,0.018294640678379572
image_clinical,GradientBoosting,0.5346312124089903,0.07980921619599961,0.1337995337995338,0.12516071682374788,0.67,0.048739206026377095
