k,silhouette,inertia
2,0.22012959420681,322113.59375
3,0.09879745543003082,300392.9375
4,0.08937108516693115,282851.375
5,0.08277297765016556,267954.75
