accession,treatment,time_normalized,pasi75_response,n_subjects,mean_recovery_fraction,median_recovery_fraction,mean_followup_score,mean_pasi_improvement_fraction
GSE136757,PF.100,DAY14,unknown,6,0.7792444997054796,0.8660519654041914,-3.455184688818665,0.5546317798267383
GSE136757,PF.100,DAY28,unknown,5,1.272433290977924,1.34498528142277,-9.669146252981879,0.9631264367816093
GSE136757,PF.30,DAY14,unknown,10,0.5608953663341019,0.5008248348059474,-0.9020306927516231,0.4627005846284088
GSE136757,PF.30,DAY28,unknown,7,0.7630650112543129,0.7215564639988619,-3.9249863749735288,0.679176017395384
GSE136757,Placebo,DAY14,unknown,9,-0.005372910674612822,0.02370983378203856,8.350300926875487,0.12715950428282374
GSE136757,Placebo,DAY28,unknown,8,0.11877584504103247,0.09672735129659793,6.887473313686129,0.189011024817363
