k,silhouette,inertia,selected
2,0.13258033990859985,92376.6875,True
3,0.10867150872945786,84740.546875,False
4,0.10123313963413239,79764.796875,False
5,0.0955769345164299,76026.546875,False
