k,silhouette,inertia
3,0.10468718409538269,286472.25
4,0.09070198982954025,270097.1875
5,0.08069082349538803,261590.703125
