disease,variable,test,p_value,statistic,n,dof
PAH,FVC,welch_t_test,0.3325661261917039,0.9718161369362681,176,
PAH,FVC,one_way_anova,0.3335490065933743,0.9402909152859319,176,
PAH,Percent,welch_t_test,0.8455183642274805,-0.19513303371662852,176,
PAH,Percent,one_way_anova,0.8485584927358873,0.036573736573311554,176,
PAH,progression_label,chi_square,0.792411322729272,0.06926406926406926,176,1.0
