{
  "test": "chi_square",
  "p_value": 0.00047379789124180657,
  "chi2": 53.65488248053895,
  "dof": 24,
  "n": 281,
  "contingency": {
    "T1": {
      "C0": 7,
      "C1": 0,
      "C2": 4,
      "C3": 0
    },
    "T1B": {
      "C0": 2,
      "C1": 0,
      "C2": 0,
      "C3": 0
    },
    "T1C": {
      "C0": 32,
      "C1": 2,
      "C2": 21,
      "C3": 0
    },
    "T2": {
      "C0": 63,
      "C1": 13,
      "C2": 77,
      "C3": 6
    },
    "T3": {
      "C0": 17,
      "C1": 3,
      "C2": 15,
      "C3": 0
    },
    "T4": {
      "C0": 2,
      "C1": 0,
      "C2": 1,
      "C3": 2
    },
    "T4B": {
      "C0": 4,
      "C1": 4,
      "C2": 2,
      "C3": 1
    },
    "T4D": {
      "C0": 0,
      "C1": 0,
      "C2": 1,
      "C3": 0
    },
    "Unknown": {
      "C0": 2,
      "C1": 0,
      "C2": 0,
      "C3": 0
    }
  }
}