{
  "RandomForest": {
    "model_name": "RandomForest",
    "n_folds": 3,
    "fold_results": [
      {
        "fold": 1,
        "n_train": 2264,
        "n_val": 1132,
        "train": {
          "spearman": 0.9820168719143872,
          "pearson": 0.9864065681600165,
          "r2": 0.9696393971669605,
          "rmse": 0.4263858659454313,
          "mae": 0.3262609118748478,
          "kendall_tau": 0.8891000322443076
        },
        "val": {
          "spearman": 0.5456691654174775,
          "pearson": 0.566563648077706,
          "r2": 0.3085935247781201,
          "rmse": 2.4120375882868803,
          "mae": 1.8102365080908822,
          "kendall_tau": 0.3901690715985408
        }
      },
      {
        "fold": 2,
        "n_train": 2264,
        "n_val": 1132,
        "train": {
          "spearman": 0.9847625012173844,
          "pearson": 0.9879149203559421,
          "r2": 0.9735653571365238,
          "rmse": 0.4435390428341356,
          "mae": 0.3349559920878772,
          "kendall_tau": 0.8981164365184068
        },
        "val": {
          "spearman": 0.5269495642226214,
          "pearson": 0.5673586146142968,
          "r2": 0.291416415256719,
          "rmse": 2.0004618521330624,
          "mae": 1.5408371017620928,
          "kendall_tau": 0.36876077882656416
        }
      },
      {
        "fold": 3,
        "n_train": 2264,
        "n_val": 1132,
        "train": {
          "spearman": 0.9844753491122663,
          "pearson": 0.9883877465927607,
          "r2": 0.9747851973931313,
          "rmse": 0.4232305938536888,
          "mae": 0.3192535537967692,
          "kendall_tau": 0.8973911156194265
        },
        "val": {
          "spearman": 0.40676761820682295,
          "pearson": 0.3982107627158632,
          "r2": 0.07716459703331735,
          "rmse": 2.4166731659760563,
          "mae": 1.8403546060278828,
          "kendall_tau": 0.287584394809934
        }
      }
    ],
    "summary": {
      "train_spearman_mean": 0.983751574081346,
      "val_spearman_mean": 0.4931287826156406,
      "train_spearman_std": 0.0012322087996512457,
      "val_spearman_std": 0.061542905931600486,
      "gap_spearman_mean": 0.49062279146570537
    },
    "overfitting_check": {
      "threshold": 0.15,
      "gaps": [
        0.4363477064969098,
        0.457812936994763,
        0.5777077309054434
      ],
      "mean_gap": 0.49062279146570537,
      "max_gap": 0.5777077309054434,
      "overfitting_flags": [
        true,
        true,
        true
      ],
      "n_overfitting_folds": 3,
      "warning": "Overfitting detected in 3 fold(s)"
    },
    "stability_check": {
      "threshold": 0.05,
      "val_spearman_std": 0.061542905931600486,
      "val_spearman_scores": [
        0.5456691654174775,
        0.5269495642226214,
        0.40676761820682295
      ],
      "unstable": true,
      "warning": "Unstable across folds (std=0.0615)"
    }
  },
  "ExtraTrees": {
    "model_name": "ExtraTrees",
    "n_folds": 3,
    "fold_results": [
      {
        "fold": 1,
        "n_train": 2264,
        "n_val": 1132,
        "train": {
          "spearman": 1.0,
          "pearson": 0.9999999999999997,
          "r2": 1.0,
          "rmse": 0.0,
          "mae": 0.0,
          "kendall_tau": 1.0
        },
        "val": {
          "spearman": 0.471235453039628,
          "pearson": 0.4546159752772571,
          "r2": 0.10895437841592037,
          "rmse": 2.7382135826015963,
          "mae": 2.046366050477851,
          "kendall_tau": 0.33629620835476187
        }
      },
      {
        "fold": 2,
        "n_train": 2264,
        "n_val": 1132,
        "train": {
          "spearman": 1.0,
          "pearson": 0.9999999999999996,
          "r2": 1.0,
          "rmse": 0.0,
          "mae": 0.0,
          "kendall_tau": 1.0
        },
        "val": {
          "spearman": 0.5365549649368,
          "pearson": 0.5513000119766066,
          "r2": 0.28475447708904245,
          "rmse": 2.0098437907038327,
          "mae": 1.4851787441639734,
          "kendall_tau": 0.3811829838304989
        }
      },
      {
        "fold": 3,
        "n_train": 2264,
        "n_val": 1132,
        "train": {
          "spearman": 1.0,
          "pearson": 1.0,
          "r2": 1.0,
          "rmse": 0.0,
          "mae": 0.0,
          "kendall_tau": 1.0
        },
        "val": {
          "spearman": 0.387557164426543,
          "pearson": 0.3352665266134122,
          "r2": -0.13085166029810247,
          "rmse": 2.6752145404681023,
          "mae": 1.9286367754305742,
          "kendall_tau": 0.27285338032261386
        }
      }
    ],
    "summary": {
      "train_spearman_mean": 1.0,
      "val_spearman_mean": 0.4651158608009904,
      "train_spearman_std": 0.0,
      "val_spearman_std": 0.060981818034006284,
      "gap_spearman_mean": 0.5348841391990097
    },
    "overfitting_check": {
      "threshold": 0.15,
      "gaps": [
        0.528764546960372,
        0.4634450350632,
        0.612442835573457
      ],
      "mean_gap": 0.5348841391990097,
      "max_gap": 0.612442835573457,
      "overfitting_flags": [
        true,
        true,
        true
      ],
      "n_overfitting_folds": 3,
      "warning": "Overfitting detected in 3 fold(s)"
    },
    "stability_check": {
      "threshold": 0.05,
      "val_spearman_std": 0.060981818034006284,
      "val_spearman_scores": [
        0.471235453039628,
        0.5365549649368,
        0.387557164426543
      ],
      "unstable": true,
      "warning": "Unstable across folds (std=0.0610)"
    }
  },
  "SVR_RBF": {
    "model_name": "SVR_RBF",
    "n_folds": 3,
    "fold_results": [
      {
        "fold": 1,
        "n_train": 2264,
        "n_val": 1132,
        "train": {
          "spearman": 0.42349182456573814,
          "pearson": 0.49660903712355386,
          "r2": 0.21691128342616361,
          "rmse": 2.1654745695744944,
          "mae": 1.6158147339784572,
          "kendall_tau": 0.2947909095239477
        },
        "val": {
          "spearman": 0.38598515832133923,
          "pearson": 0.2812285680669432,
          "r2": 0.018351271449955964,
          "rmse": 2.87405718054165,
          "mae": 2.1469049105856035,
          "kendall_tau": 0.26787097903102564
        }
      },
      {
        "fold": 2,
        "n_train": 2264,
        "n_val": 1132,
        "train": {
          "spearman": 0.3608994898187496,
          "pearson": 0.42484832057611843,
          "r2": 0.1325435184130871,
          "rmse": 2.540791216693789,
          "mae": 1.9125316621627528,
          "kendall_tau": 0.24856136332197307
        },
        "val": {
          "spearman": 0.36526631056506,
          "pearson": 0.4568376929047084,
          "r2": 0.20219428568398035,
          "rmse": 2.1226740066696315,
          "mae": 1.5822827220171904,
          "kendall_tau": 0.2537679022232386
        }
      },
      {
        "fold": 3,
        "n_train": 2264,
        "n_val": 1132,
        "train": {
          "spearman": 0.4150246997398957,
          "pearson": 0.41348200274662716,
          "r2": 0.1520142197345805,
          "rmse": 2.454389884144158,
          "mae": 1.8117059244631686,
          "kendall_tau": 0.28408077735774284
        },
        "val": {
          "spearman": 0.3237308956899503,
          "pearson": 0.401689467549207,
          "r2": 0.14095630242305768,
          "rmse": 2.3316503461305222,
          "mae": 1.7822077551506688,
          "kendall_tau": 0.22499554789063744
        }
      }
    ],
    "summary": {
      "train_spearman_mean": 0.3998053380414612,
      "val_spearman_mean": 0.35832745485878315,
      "train_spearman_std": 0.027726904144417808,
      "val_spearman_std": 0.02588447530636701,
      "gap_spearman_mean": 0.04147788318267798
    },
    "overfitting_check": {
      "threshold": 0.15,
      "gaps": [
        0.03750666624439891,
        -0.004366820746310396,
        0.09129380404994542
      ],
      "mean_gap": 0.04147788318267798,