{
  "RandomForest": {
    "model_name": "RandomForest",
    "n_folds": 3,
    "fold_results": [
      {
        "fold": 1,
        "n_train": 2264,
        "n_val": 1132,
        "train": {
          "spearman": 0.9821820736777938,
          "pearson": 0.9864957272281225,
          "r2": 0.9698878961925479,
          "rmse": 0.42463731411504857,
          "mae": 0.3242586182944943,
          "kendall_tau": 0.8894271569740785
        },
        "val": {
          "spearman": 0.5258675694814628,
          "pearson": 0.554751074669971,
          "r2": 0.29671993704938693,
          "rmse": 2.432660498356745,
          "mae": 1.8488857146861148,
          "kendall_tau": 0.3736471793864621
        }
      },
      {
        "fold": 2,
        "n_train": 2264,
        "n_val": 1132,
        "train": {
          "spearman": 0.9846520071949889,
          "pearson": 0.9877983669996657,
          "r2": 0.9732738676326445,
          "rmse": 0.44597774651539057,
          "mae": 0.33685309457305945,
          "kendall_tau": 0.8973364898147645
        },
        "val": {
          "spearman": 0.462272469770023,
          "pearson": 0.5183091145522883,
          "r2": 0.23889140136138876,
          "rmse": 2.0732804124034763,
          "mae": 1.6295636025330003,
          "kendall_tau": 0.32111524907052674
        }
      },
      {
        "fold": 3,
        "n_train": 2264,
        "n_val": 1132,
        "train": {
          "spearman": 0.9844337570620758,
          "pearson": 0.9883157137342921,
          "r2": 0.9746651131520216,
          "rmse": 0.4242372041025065,
          "mae": 0.3195971969085145,
          "kendall_tau": 0.8971397208468751
        },
        "val": {
          "spearman": 0.43074290237557206,
          "pearson": 0.4186625830786596,
          "r2": 0.13003686995338914,
          "rmse": 2.3464225290362335,
          "mae": 1.7918147911216937,
          "kendall_tau": 0.3025122393953879
        }
      }
    ],
    "summary": {
      "train_spearman_mean": 0.9837559459782862,
      "val_spearman_mean": 0.47296098054235264,
      "train_spearman_std": 0.001116456834162457,
      "val_spearman_std": 0.03956310377021576,
      "gap_spearman_mean": 0.5107949654359335
    },
    "overfitting_check": {
      "threshold": 0.15,
      "gaps": [
        0.4563145041963309,
        0.5223795374249659,
        0.5536908546865038
      ],
      "mean_gap": 0.5107949654359335,
      "max_gap": 0.5536908546865038,
      "overfitting_flags": [
        true,
        true,
        true
      ],
      "n_overfitting_folds": 3,
      "warning": "Overfitting detected in 3 fold(s)"
    },
    "stability_check": {
      "threshold": 0.05,
      "val_spearman_std": 0.03956310377021576,
      "val_spearman_scores": [
        0.5258675694814628,
        0.462272469770023,
        0.43074290237557206
      ],
      "unstable": false
    }
  },
  "ExtraTrees": {
    "model_name": "ExtraTrees",
    "n_folds": 3,
    "fold_results": [
      {
        "fold": 1,
        "n_train": 2264,
        "n_val": 1132,
        "train": {
          "spearman": 1.0,
          "pearson": 0.9999999999999997,
          "r2": 1.0,
          "rmse": 0.0,
          "mae": 0.0,
          "kendall_tau": 1.0
        },
        "val": {
          "spearman": 0.44377871709581296,
          "pearson": 0.43746201443040056,
          "r2": 0.09745006105997722,
          "rmse": 2.7558334720483377,
          "mae": 2.076455007677068,
          "kendall_tau": 0.3144823664690796
        }
      },
      {
        "fold": 2,
        "n_train": 2264,
        "n_val": 1132,
        "train": {
          "spearman": 1.0,
          "pearson": 0.9999999999999996,
          "r2": 1.0,
          "rmse": 0.0,
          "mae": 0.0,
          "kendall_tau": 1.0
        },
        "val": {
          "spearman": 0.555385698055483,
          "pearson": 0.5691694787131873,
          "r2": 0.31192175233384656,
          "rmse": 1.9713041889083007,
          "mae": 1.4555617915270054,
          "kendall_tau": 0.3943487715283312
        }
      },
      {
        "fold": 3,
        "n_train": 2264,
        "n_val": 1132,
        "train": {
          "spearman": 1.0,
          "pearson": 1.0,
          "r2": 1.0,
          "rmse": 0.0,
          "mae": 0.0,
          "kendall_tau": 1.0
        },
        "val": {
          "spearman": 0.39194133915429136,
          "pearson": 0.3386783179903653,
          "r2": -0.11206844728166199,
          "rmse": 2.6529041286229136,
          "mae": 1.9249052951899481,
          "kendall_tau": 0.2745654897476513
        }
      }
    ],
    "summary": {
      "train_spearman_mean": 1.0,
      "val_spearman_mean": 0.46370191810186245,
      "train_spearman_std": 0.0,
      "val_spearman_std": 0.06819684776635439,
      "gap_spearman_mean": 0.5362980818981375
    },
    "overfitting_check": {
      "threshold": 0.15,
      "gaps": [
        0.556221282904187,
        0.444614301944517,
        0.6080586608457086
      ],
      "mean_gap": 0.5362980818981375,
      "max_gap": 0.6080586608457086,
      "overfitting_flags": [
        true,
        true,
        true
      ],
      "n_overfitting_folds": 3,
      "warning": "Overfitting detected in 3 fold(s)"
    },
    "stability_check": {
      "threshold": 0.05,
      "val_spearman_std": 0.06819684776635439,
      "val_spearman_scores": [
        0.44377871709581296,
        0.555385698055483,
        0.39194133915429136
      ],
      "unstable": true,
      "warning": "Unstable across folds (std=0.0682)"
    }
  },
  "SVR_RBF": {
    "model_name": "SVR_RBF",
    "n_folds": 3,
    "fold_results": [
      {
        "fold": 1,
        "n_train": 2264,
        "n_val": 1132,
        "train": {
          "spearman": 0.4235982370938439,
          "pearson": 0.4966233681636175,
          "r2": 0.2169398934607467,
          "rmse": 2.1654350115608896,
          "mae": 1.615781623790382,
          "kendall_tau": 0.2948689822518167
        },
        "val": {
          "spearman": 0.38574533549093093,
          "pearson": 0.2812919818555376,
          "r2": 0.018402765357115825,
          "rmse": 2.8739817979886966,
          "mae": 2.1468807364785776,
          "kendall_tau": 0.2676991426942006
        }
      },
      {
        "fold": 2,
        "n_train": 2264,
        "n_val": 1132,
        "train": {
          "spearman": 0.36087861908181185,
          "pearson": 0.4248641098971087,
          "r2": 0.13255893463506985,
          "rmse": 2.5407686394370224,
          "mae": 1.91251478393454,
          "kendall_tau": 0.24859805751123354
        },
        "val": {
          "spearman": 0.3651975652142254,
          "pearson": 0.45681401936605537,
          "r2": 0.20218635738472124,
          "rmse": 2.1226845538195467,
          "mae": 1.5822644714243732,
          "kendall_tau": 0.2536929190944422
        }
      },
      {
        "fold": 3,
        "n_train": 2264,
        "n_val": 1132,
        "train": {
          "spearman": 0.4152394895396094,
          "pearson": 0.4134945857733586,
          "r2": 0.15200050758759742,
          "rmse": 2.4544097281200696,
          "mae": 1.811695977936218,
          "kendall_tau": 0.2842455111993836
        },
        "val": {
          "spearman": 0.3237506920344564,
          "pearson": 0.40172024566944575,
          "r2": 0.14095324626907657,
          "rmse": 2.3316544936937778,
          "mae": 1.7821949700990327,
          "kendall_tau": 0.22505803363607674
        }
      }
    ],
    "summary": {
      "train_spearman_mean": 0.39990544857175503,
      "val_spearman_mean": 0.35823119757987093,
      "train_spearman_std": 0.027806320986383422,
      "val_spearman_std": 0.02578412512686294,
      "gap_spearman_mean": 0.04167425099188413
    },
    "overfitting_check": {
      "threshold": 0.15,
      "gaps": [
        0.03785290160291299,
        -0.00431894613241357,
        0.09148879750515299
      ],
      "mean_gap": 0.04167425099188413,
      "max_gap": 0.09148879750515299,