{
  "RandomForest": {
    "model_name": "RandomForest",
    "n_folds": 3,
    "fold_results": [
      {
        "fold": 1,
        "n_train": 2264,
        "n_val": 1132,
        "train": {
          "spearman": 0.981985415868105,
          "pearson": 0.9864483984739998,
          "r2": 0.9697317986453969,
          "rmse": 0.4257365259526937,
          "mae": 0.3255830041127103,
          "kendall_tau": 0.8890930056987995
        },
        "val": {
          "spearman": 0.5445192638640274,
          "pearson": 0.5699033379248295,
          "r2": 0.31323734928369806,
          "rmse": 2.403923728296643,
          "mae": 1.8071392898379453,
          "kendall_tau": 0.3905483692339083
        }
      },
      {
        "fold": 2,
        "n_train": 2264,
        "n_val": 1132,
        "train": {
          "spearman": 0.9848654563155542,
          "pearson": 0.9879602715779388,
          "r2": 0.9736534215949794,
          "rmse": 0.4427996227616077,
          "mae": 0.3346398512997925,
          "kendall_tau": 0.8983811031175407
        },
        "val": {
          "spearman": 0.5237557801391898,
          "pearson": 0.5629000866646462,
          "r2": 0.2884470018641039,
          "rmse": 2.0046490701633113,
          "mae": 1.5415823371065065,
          "kendall_tau": 0.36569584343701184
        }
      },
      {
        "fold": 3,
        "n_train": 2264,
        "n_val": 1132,
        "train": {
          "spearman": 0.9844474435625867,
          "pearson": 0.9883654634385315,
          "r2": 0.9747325700850273,
          "rmse": 0.423672038453577,
          "mae": 0.3191041142754927,
          "kendall_tau": 0.8974457666569378
        },
        "val": {
          "spearman": 0.40884458813150987,
          "pearson": 0.3992169986824792,
          "r2": 0.08299199485999242,
          "rmse": 2.409030839613111,
          "mae": 1.8375133516284525,
          "kendall_tau": 0.2882623651479506
        }
      }
    ],
    "summary": {
      "train_spearman_mean": 0.9837661052487485,
      "val_spearman_mean": 0.4923732107115757,
      "train_spearman_std": 0.0012706493531953807,
      "val_spearman_std": 0.05966882858293884,
      "gap_spearman_mean": 0.4913928945371729
    },
    "overfitting_check": {
      "threshold": 0.15,
      "gaps": [
        0.43746615200407757,
        0.46110967617636445,
        0.5756028554310768
      ],
      "mean_gap": 0.4913928945371729,
      "max_gap": 0.5756028554310768,
      "overfitting_flags": [
        true,
        true,
        true
      ],
      "n_overfitting_folds": 3,
      "warning": "Overfitting detected in 3 fold(s)"
    },
    "stability_check": {
      "threshold": 0.05,
      "val_spearman_std": 0.05966882858293884,
      "val_spearman_scores": [
        0.5445192638640274,
        0.5237557801391898,
        0.40884458813150987
      ],
      "unstable": true,
      "warning": "Unstable across folds (std=0.0597)"
    }
  },
  "ExtraTrees": {
    "model_name": "ExtraTrees",
    "n_folds": 3,
    "fold_results": [
      {
        "fold": 1,
        "n_train": 2264,
        "n_val": 1132,
        "train": {
          "spearman": 1.0,
          "pearson": 0.9999999999999997,
          "r2": 1.0,
          "rmse": 0.0,
          "mae": 0.0,
          "kendall_tau": 1.0
        },
        "val": {
          "spearman": 0.4503327259469257,
          "pearson": 0.44495051972935207,
          "r2": 0.1101188460053184,
          "rmse": 2.736423773347925,
          "mae": 2.0494638399493663,
          "kendall_tau": 0.31932502687051295
        }
      },
      {
        "fold": 2,
        "n_train": 2264,
        "n_val": 1132,
        "train": {
          "spearman": 1.0,
          "pearson": 0.9999999999999996,
          "r2": 1.0,
          "rmse": 0.0,
          "mae": 0.0,
          "kendall_tau": 1.0
        },
        "val": {
          "spearman": 0.5422856965078854,
          "pearson": 0.5463052454911651,
          "r2": 0.2821969315263989,
          "rmse": 2.0134339426252366,
          "mae": 1.4815822054659795,
          "kendall_tau": 0.3844509985272081
        }
      },
      {
        "fold": 3,
        "n_train": 2264,
        "n_val": 1132,
        "train": {
          "spearman": 1.0,
          "pearson": 1.0,
          "r2": 1.0,
          "rmse": 0.0,
          "mae": 0.0,
          "kendall_tau": 1.0
        },
        "val": {
          "spearman": 0.37500621582881455,
          "pearson": 0.3344373261109419,
          "r2": -0.13643403638667428,
          "rmse": 2.681809423470273,
          "mae": 1.9394377234708609,
          "kendall_tau": 0.2627463109978036
        }
      }
    ],
    "summary": {
      "train_spearman_mean": 1.0,
      "val_spearman_mean": 0.45587487942787525,
      "train_spearman_std": 0.0,
      "val_spearman_std": 0.06840391198837344,
      "gap_spearman_mean": 0.5441251205721248
    },
    "overfitting_check": {
      "threshold": 0.15,
      "gaps": [
        0.5496672740530744,
        0.4577143034921146,
        0.6249937841711855
      ],
      "mean_gap": 0.5441251205721248,
      "max_gap": 0.6249937841711855,
      "overfitting_flags": [
        true,
        true,
        true
      ],
      "n_overfitting_folds": 3,
      "warning": "Overfitting detected in 3 fold(s)"
    },
    "stability_check": {
      "threshold": 0.05,
      "val_spearman_std": 0.06840391198837344,
      "val_spearman_scores": [
        0.4503327259469257,
        0.5422856965078854,
        0.37500621582881455
      ],
      "unstable": true,
      "warning": "Unstable across folds (std=0.0684)"
    }
  },
  "SVR_RBF": {
    "model_name": "SVR_RBF",
    "n_folds": 3,
    "fold_results": [
      {
        "fold": 1,
        "n_train": 2264,
        "n_val": 1132,
        "train": {
          "spearman": 0.4235927016900487,
          "pearson": 0.4966226597767969,
          "r2": 0.21693998940367054,
          "rmse": 2.165434878903019,
          "mae": 1.6157816742195992,
          "kendall_tau": 0.29486195570630847
        },
        "val": {
          "spearman": 0.38573660789223885,
          "pearson": 0.28129156178633363,
          "r2": 0.018403445403593288,
          "rmse": 2.873980802447212,
          "mae": 2.146880367946253,
          "kendall_tau": 0.26769289410013425
        }
      },
      {
        "fold": 2,
        "n_train": 2264,
        "n_val": 1132,
        "train": {
          "spearman": 0.360876435115285,
          "pearson": 0.424862876271236,
          "r2": 0.13255779581895588,
          "rmse": 2.540770307254834,
          "mae": 1.9125155941602747,
          "kendall_tau": 0.24859649605637138
        },
        "val": {
          "spearman": 0.3651975652142254,
          "pearson": 0.4568143955757588,
          "r2": 0.2021866110144126,
          "rmse": 2.122684216412512,
          "mae": 1.5822637370968458,
          "kendall_tau": 0.2536929190944422
        }
      },
      {
        "fold": 3,
        "n_train": 2264,
        "n_val": 1132,
        "train": {
          "spearman": 0.41509166747512166,
          "pearson": 0.4134848432150147,
          "r2": 0.15200344359656204,
          "rmse": 2.4544054791934684,
          "mae": 1.811697865463719,
          "kendall_tau": 0.28412293672953715
        },
        "val": {
          "spearman": 0.3237320207642724,
          "pearson": 0.4016724919547817,
          "r2": 0.14093805713688123,
          "rmse": 2.3316751070373685,
          "mae": 1.7822247886321918,
          "kendall_tau": 0.22501429361426922
        }
      }
    ],
    "summary": {
      "train_spearman_mean": 0.3998536014268184,
      "val_spearman_mean": 0.3582220646235789,
      "train_spearman_std": 0.027778667065916415,
      "val_spearman_std": 0.025789344215456884,
      "gap_spearman_mean": 0.041631536803239576
    },
    "overfitting_check": {
      "threshold": 0.15,
      "gaps": [
        0.03785609379780985,
        -0.004321130098940418,
        0.09135964671084928
      ],