{
  "RandomForest": {
    "model_name": "RandomForest",
    "n_folds": 3,
    "fold_results": [
      {
        "fold": 1,
        "n_train": 2264,
        "n_val": 1132,
        "train": {
          "spearman": 0.9831742179932144,
          "pearson": 0.9861712887256122,
          "r2": 0.9691939275455987,
          "rmse": 0.43055951004211285,
          "mae": 0.3243496254938856,
          "kendall_tau": 0.8919146015934534
        },
        "val": {
          "spearman": 0.48267543964326604,
          "pearson": 0.48735475490278973,
          "r2": 0.22191137960046903,
          "rmse": 2.546717722679298,
          "mae": 1.9283722276442712,
          "kendall_tau": 0.33371137209324114
        }
      },
      {
        "fold": 2,
        "n_train": 2264,
        "n_val": 1132,
        "train": {
          "spearman": 0.9834620463622198,
          "pearson": 0.9880765663864736,
          "r2": 0.9740092074528193,
          "rmse": 0.4256697236351203,
          "mae": 0.32437976162111415,
          "kendall_tau": 0.8948977130158552
        },
        "val": {
          "spearman": 0.4990292190394558,
          "pearson": 0.5243584152059108,
          "r2": 0.2701233329763665,
          "rmse": 2.200165334481502,
          "mae": 1.6203770610220734,
          "kendall_tau": 0.3522227646585673
        }
      },
      {
        "fold": 3,
        "n_train": 2264,
        "n_val": 1132,
        "train": {
          "spearman": 0.9842185492987146,
          "pearson": 0.9881866378903574,
          "r2": 0.9743061690762883,
          "rmse": 0.4399327594932427,
          "mae": 0.3336146216462005,
          "kendall_tau": 0.8962356641369511
        },
        "val": {
          "spearman": 0.28146787644667887,
          "pearson": 0.24839028728318172,
          "r2": -0.24651197619431953,
          "rmse": 2.5881392923906974,
          "mae": 1.8192308461201958,
          "kendall_tau": 0.1987438793212462
        }
      }
    ],
    "summary": {
      "train_spearman_mean": 0.9836182712180497,
      "val_spearman_mean": 0.42105751170980027,
      "train_spearman_std": 0.000440425266529377,
      "val_spearman_std": 0.09893031631676662,
      "gap_spearman_mean": 0.5625607595082494
    },
    "overfitting_check": {
      "threshold": 0.15,
      "gaps": [
        0.5004987783499484,
        0.484432827322764,
        0.7027506728520356
      ],
      "mean_gap": 0.5625607595082494,
      "max_gap": 0.7027506728520356,
      "overfitting_flags": [
        true,
        true,
        true
      ],
      "n_overfitting_folds": 3,
      "warning": "Overfitting detected in 3 fold(s)"
    },
    "stability_check": {
      "threshold": 0.05,
      "val_spearman_std": 0.09893031631676662,
      "val_spearman_scores": [
        0.48267543964326604,
        0.4990292190394558,
        0.28146787644667887
      ],
      "unstable": true,
      "warning": "Unstable across folds (std=0.0989)"
    }
  },
  "ExtraTrees": {
    "model_name": "ExtraTrees",
    "n_folds": 3,
    "fold_results": [
      {
        "fold": 1,
        "n_train": 2264,
        "n_val": 1132,
        "train": {
          "spearman": 0.9999999999999998,
          "pearson": 0.9999999999999993,
          "r2": 1.0,
          "rmse": 0.0,
          "mae": 0.0,
          "kendall_tau": 1.0
        },
        "val": {
          "spearman": 0.5478432436925127,
          "pearson": 0.5311810529370324,
          "r2": 0.2688609237840929,
          "rmse": 2.468688400968025,
          "mae": 1.849287871894276,
          "kendall_tau": 0.38416548724822147
        }
      },
      {
        "fold": 2,
        "n_train": 2264,
        "n_val": 1132,
        "train": {
          "spearman": 1.0,
          "pearson": 0.9999999999999987,
          "r2": 1.0,
          "rmse": 0.0,
          "mae": 0.0,
          "kendall_tau": 1.0
        },
        "val": {
          "spearman": 0.40099688620159285,
          "pearson": 0.36954591707000506,
          "r2": 0.014428380688223053,
          "rmse": 2.556669980326512,
          "mae": 1.8466402854805128,
          "kendall_tau": 0.27976020778228466
        }
      },
      {
        "fold": 3,
        "n_train": 2264,
        "n_val": 1132,
        "train": {
          "spearman": 1.0,
          "pearson": 0.9999999999999989,
          "r2": 1.0,
          "rmse": 0.0,
          "mae": 0.0,
          "kendall_tau": 1.0
        },
        "val": {
          "spearman": 0.33580161610763615,
          "pearson": 0.3572346441526587,
          "r2": -0.01601741515375754,
          "rmse": 2.3366302483120274,
          "mae": 1.7914169128119242,
          "kendall_tau": 0.23507624438513727
        }
      }
    ],
    "summary": {
      "train_spearman_mean": 1.0,
      "val_spearman_mean": 0.42821391533391395,
      "train_spearman_std": 1.2819751242557092e-16,
      "val_spearman_std": 0.08867915186522357,
      "gap_spearman_mean": 0.571786084666086
    },
    "overfitting_check": {
      "threshold": 0.15,
      "gaps": [
        0.4521567563074871,
        0.5990031137984071,
        0.6641983838923639
      ],
      "mean_gap": 0.571786084666086,
      "max_gap": 0.6641983838923639,
      "overfitting_flags": [
        true,
        true,
        true
      ],
      "n_overfitting_folds": 3,
      "warning": "Overfitting detected in 3 fold(s)"
    },
    "stability_check": {
      "threshold": 0.05,
      "val_spearman_std": 0.08867915186522357,
      "val_spearman_scores": [
        0.5478432436925127,
        0.40099688620159285,
        0.33580161610763615
      ],
      "unstable": true,
      "warning": "Unstable across folds (std=0.0887)"
    }
  },
  "SVR_RBF": {
    "model_name": "SVR_RBF",
    "n_folds": 3,
    "fold_results": [
      {
        "fold": 1,
        "n_train": 2264,
        "n_val": 1132,
        "train": {
          "spearman": 0.3564135342870118,
          "pearson": 0.37123534755314697,
          "r2": 0.10551055627519845,
          "rmse": 2.3200782341940966,
          "mae": 1.7085549363327943,
          "kendall_tau": 0.24496483892362012
        },
        "val": {
          "spearman": 0.4306650157965812,
          "pearson": 0.4895829867281163,
          "r2": 0.12772045549103417,
          "rmse": 2.69646087246916,
          "mae": 2.01531843672055,
          "kendall_tau": 0.3015530832028943
        }
      },
      {
        "fold": 2,
        "n_train": 2264,
        "n_val": 1132,
        "train": {
          "spearman": 0.3898490330967501,
          "pearson": 0.4369460304775118,
          "r2": 0.1617641639985613,
          "rmse": 2.417386608399275,
          "mae": 1.8038335612716498,
          "kendall_tau": 0.2706711209761165
        },
        "val": {
          "spearman": 0.36603536691827726,
          "pearson": 0.34366482805838705,
          "r2": 0.10764091309611334,
          "rmse": 2.4327663657670113,
          "mae": 1.7891803357851772,
          "kendall_tau": 0.24773449765317776
        }
      },
      {
        "fold": 3,
        "n_train": 2264,
        "n_val": 1132,
        "train": {
          "spearman": 0.4637045628278173,
          "pearson": 0.4975911795440965,
          "r2": 0.22226975979962438,
          "rmse": 2.4203956556139676,
          "mae": 1.7954110265400238,
          "kendall_tau": 0.3210362907485133
        },
        "val": {
          "spearman": 0.19260012930371667,
          "pearson": 0.19188994416966976,
          "r2": -0.036733945608064866,
          "rmse": 2.36033191019125,
          "mae": 1.7908286474652113,
          "kendall_tau": 0.1352520637886643
        }
      }
    ],
    "summary": {
      "train_spearman_mean": 0.4033223767371931,
      "val_spearman_mean": 0.32976683733952505,
      "train_spearman_std": 0.04482550942618934,
      "val_spearman_std": 0.10051625813293004,
      "gap_spearman_mean": 0.07355553939766803
    },
    "overfitting_check": {
      "threshold": 0.15,