{
  "RandomForest": {
    "model_name": "RandomForest",
    "n_folds": 3,
    "fold_results": [
      {
        "fold": 1,
        "n_train": 2264,
        "n_val": 1132,
        "train": {
          "spearman": 0.9830914780282443,
          "pearson": 0.9861340942418126,
          "r2": 0.969146613271991,
          "rmse": 0.43089002595634507,
          "mae": 0.32524928123053193,
          "kendall_tau": 0.8917444028141608
        },
        "val": {
          "spearman": 0.4851539618296862,
          "pearson": 0.49047197076208104,
          "r2": 0.22654464849895617,
          "rmse": 2.539123956393947,
          "mae": 1.920786263350255,
          "kendall_tau": 0.3360108475254082
        }
      },
      {
        "fold": 2,
        "n_train": 2264,
        "n_val": 1132,
        "train": {
          "spearman": 0.9834651149799589,
          "pearson": 0.9880736681834352,
          "r2": 0.9739641680367269,
          "rmse": 0.42603838529110183,
          "mae": 0.32505195005915116,
          "kendall_tau": 0.8946986275597895
        },
        "val": {
          "spearman": 0.4957561957240165,
          "pearson": 0.5249665218729691,
          "r2": 0.27046169657055064,
          "rmse": 2.199655287932127,
          "mae": 1.6248327763615935,
          "kendall_tau": 0.35056062175949504
        }
      },
      {
        "fold": 3,
        "n_train": 2264,
        "n_val": 1132,
        "train": {
          "spearman": 0.9842075850008525,
          "pearson": 0.988158636033178,
          "r2": 0.9742310928625293,
          "rmse": 0.44057502249866726,
          "mae": 0.33356350996991246,
          "kendall_tau": 0.8961739866698963
        },
        "val": {
          "spearman": 0.28039466308502564,
          "pearson": 0.2534917985668363,
          "r2": -0.2369455247004224,
          "rmse": 2.5781887275572744,
          "mae": 1.8240024466523155,
          "kendall_tau": 0.1978378353046903
        }
      }
    ],
    "summary": {
      "train_spearman_mean": 0.983588059336352,
      "val_spearman_mean": 0.42043494021290945,
      "train_spearman_std": 0.0004638679263560789,
      "val_spearman_std": 0.09911798106105132,
      "gap_spearman_mean": 0.5631531191234425
    },
    "overfitting_check": {
      "threshold": 0.15,
      "gaps": [
        0.4979375161985581,
        0.4877089192559424,
        0.7038129219158269
      ],
      "mean_gap": 0.5631531191234425,
      "max_gap": 0.7038129219158269,
      "overfitting_flags": [
        true,
        true,
        true
      ],
      "n_overfitting_folds": 3,
      "warning": "Overfitting detected in 3 fold(s)"
    },
    "stability_check": {
      "threshold": 0.05,
      "val_spearman_std": 0.09911798106105132,
      "val_spearman_scores": [
        0.4851539618296862,
        0.4957561957240165,
        0.28039466308502564
      ],
      "unstable": true,
      "warning": "Unstable across folds (std=0.0991)"
    }
  },
  "ExtraTrees": {
    "model_name": "ExtraTrees",
    "n_folds": 3,
    "fold_results": [
      {
        "fold": 1,
        "n_train": 2264,
        "n_val": 1132,
        "train": {
          "spearman": 0.9999999999999998,
          "pearson": 0.9999999999999993,
          "r2": 1.0,
          "rmse": 0.0,
          "mae": 0.0,
          "kendall_tau": 1.0
        },
        "val": {
          "spearman": 0.5193934231282173,
          "pearson": 0.503394259312424,
          "r2": 0.2395766760638537,
          "rmse": 2.5176421061514196,
          "mae": 1.8882697988306474,
          "kendall_tau": 0.3635639369768771
        }
      },
      {
        "fold": 2,
        "n_train": 2264,
        "n_val": 1132,
        "train": {
          "spearman": 1.0,
          "pearson": 0.9999999999999987,
          "r2": 1.0,
          "rmse": 0.0,
          "mae": 0.0,
          "kendall_tau": 1.0
        },
        "val": {
          "spearman": 0.4094264107214874,
          "pearson": 0.39206790199532654,
          "r2": 0.050677501456084184,
          "rmse": 2.5092126273749646,
          "mae": 1.820859141987148,
          "kendall_tau": 0.28562769718916
        }
      },
      {
        "fold": 3,
        "n_train": 2264,
        "n_val": 1132,
        "train": {
          "spearman": 1.0,
          "pearson": 0.9999999999999989,
          "r2": 1.0,
          "rmse": 0.0,
          "mae": 0.0,
          "kendall_tau": 1.0
        },
        "val": {
          "spearman": 0.33457511136927703,
          "pearson": 0.3647151249875399,
          "r2": -0.002479099094867321,
          "rmse": 2.3210103749121327,
          "mae": 1.7775363391560814,
          "kendall_tau": 0.23545115915060869
        }
      }
    ],
    "summary": {
      "train_spearman_mean": 1.0,
      "val_spearman_mean": 0.4211316484063272,
      "train_spearman_std": 1.2819751242557092e-16,
      "val_spearman_std": 0.07590437638810277,
      "gap_spearman_mean": 0.5788683515936727
    },
    "overfitting_check": {
      "threshold": 0.15,
      "gaps": [
        0.48060657687178243,
        0.5905735892785127,
        0.665424888630723
      ],
      "mean_gap": 0.5788683515936727,
      "max_gap": 0.665424888630723,
      "overfitting_flags": [
        true,
        true,
        true
      ],
      "n_overfitting_folds": 3,
      "warning": "Overfitting detected in 3 fold(s)"
    },
    "stability_check": {
      "threshold": 0.05,
      "val_spearman_std": 0.07590437638810277,
      "val_spearman_scores": [
        0.5193934231282173,
        0.4094264107214874,
        0.33457511136927703
      ],
      "unstable": true,
      "warning": "Unstable across folds (std=0.0759)"
    }
  },
  "SVR_RBF": {
    "model_name": "SVR_RBF",
    "n_folds": 3,
    "fold_results": [
      {
        "fold": 1,
        "n_train": 2264,
        "n_val": 1132,
        "train": {
          "spearman": 0.3564356107555095,
          "pearson": 0.3713074225206424,
          "r2": 0.10555513700409469,
          "rmse": 2.320020417934629,
          "mae": 1.7085263291394892,
          "kendall_tau": 0.24500387534088908
        },
        "val": {
          "spearman": 0.43063486215022734,
          "pearson": 0.4895821366710188,
          "r2": 0.12774628809701594,
          "rmse": 2.6964209442561056,
          "mae": 2.0152923697703016,
          "kendall_tau": 0.30152808890471855
        }
      },
      {
        "fold": 2,
        "n_train": 2264,
        "n_val": 1132,
        "train": {
          "spearman": 0.3899334529164619,
          "pearson": 0.43696146918329826,
          "r2": 0.16177635149171843,
          "rmse": 2.4173690345921357,
          "mae": 1.8038132601814076,
          "kendall_tau": 0.27073279843113296
        },
        "val": {
          "spearman": 0.3658339496596661,
          "pearson": 0.3436518736120796,
          "r2": 0.10763073081362018,
          "rmse": 2.432780245293806,
          "mae": 1.789191749838914,
          "kendall_tau": 0.24761577455138037
        }
      },
      {
        "fold": 3,
        "n_train": 2264,
        "n_val": 1132,
        "train": {
          "spearman": 0.46380449377347405,
          "pearson": 0.49762095572469167,
          "r2": 0.22230509416710376,
          "rmse": 2.4203406724613723,
          "mae": 1.7953880377513267,
          "kendall_tau": 0.32108547657667097
        },
        "val": {
          "spearman": 0.19262887660722736,
          "pearson": 0.19186230052898862,
          "r2": -0.036736234026071735,
          "rmse": 2.3603345152101594,
          "mae": 1.7908080854503212,
          "kendall_tau": 0.13526768523722563
        }
      }
    ],
    "summary": {
      "train_spearman_mean": 0.4033911858151485,
      "val_spearman_mean": 0.3296992294723736,
      "train_spearman_std": 0.04485422455919942,
      "val_spearman_std": 0.1004689032846619,
      "gap_spearman_mean": 0.07369195634277491
    },
    "overfitting_check": {
      "threshold": 0.15,