{
  "RandomForest": {
    "model_name": "RandomForest",
    "n_folds": 3,
    "fold_results": [
      {
        "fold": 1,
        "n_train": 2264,
        "n_val": 1132,
        "train": {
          "spearman": 0.9830059962132476,
          "pearson": 0.9860498946280591,
          "r2": 0.9690289445468012,
          "rmse": 0.43171090877126883,
          "mae": 0.3258134406105621,
          "kendall_tau": 0.89121741118103
        },
        "val": {
          "spearman": 0.5237491152758843,
          "pearson": 0.5271899038221923,
          "r2": 0.2710346734527117,
          "rmse": 2.46501584033405,
          "mae": 1.8641096774214616,
          "kendall_tau": 0.36717873735054185
        }
      },
      {
        "fold": 2,
        "n_train": 2264,
        "n_val": 1132,
        "train": {
          "spearman": 0.9838313114637607,
          "pearson": 0.988249601687391,
          "r2": 0.9743124819846861,
          "rmse": 0.4231789649169016,
          "mae": 0.3230312507707122,
          "kendall_tau": 0.8959056319326434
        },
        "val": {
          "spearman": 0.49988313083615504,
          "pearson": 0.527776915264845,
          "r2": 0.27690445075923675,
          "rmse": 2.1899208668365553,
          "mae": 1.6335721646407009,
          "kendall_tau": 0.35443844753966186
        }
      },
      {
        "fold": 3,
        "n_train": 2264,
        "n_val": 1132,
        "train": {
          "spearman": 0.9840482293807553,
          "pearson": 0.988004988909196,
          "r2": 0.9740319067694891,
          "rmse": 0.44227450254215267,
          "mae": 0.3341036981725679,
          "kendall_tau": 0.8956142051018167
        },
        "val": {
          "spearman": 0.29903855098401805,
          "pearson": 0.26703622444405956,
          "r2": -0.19469075534171565,
          "rmse": 2.5337698844254133,
          "mae": 1.812789909464818,
          "kendall_tau": 0.21110981800237794
        }
      }
    ],
    "summary": {
      "train_spearman_mean": 0.9836285123525879,
      "val_spearman_mean": 0.4408902656986858,
      "train_spearman_std": 0.00044900490233601865,
      "val_spearman_std": 0.10077641267987916,
      "gap_spearman_mean": 0.542738246653902
    },
    "overfitting_check": {
      "threshold": 0.15,
      "gaps": [
        0.4592568809373633,
        0.48394818062760564,
        0.6850096783967372
      ],
      "mean_gap": 0.542738246653902,
      "max_gap": 0.6850096783967372,
      "overfitting_flags": [
        true,
        true,
        true
      ],
      "n_overfitting_folds": 3,
      "warning": "Overfitting detected in 3 fold(s)"
    },
    "stability_check": {
      "threshold": 0.05,
      "val_spearman_std": 0.10077641267987916,
      "val_spearman_scores": [
        0.5237491152758843,
        0.49988313083615504,
        0.29903855098401805
      ],
      "unstable": true,
      "warning": "Unstable across folds (std=0.1008)"
    }
  },
  "ExtraTrees": {
    "model_name": "ExtraTrees",
    "n_folds": 3,
    "fold_results": [
      {
        "fold": 1,
        "n_train": 2264,
        "n_val": 1132,
        "train": {
          "spearman": 0.9999999999999998,
          "pearson": 0.9999999999999993,
          "r2": 1.0,
          "rmse": 0.0,
          "mae": 0.0,
          "kendall_tau": 1.0
        },
        "val": {
          "spearman": 0.5674592371302851,
          "pearson": 0.5511539273939774,
          "r2": 0.2885184748132005,
          "rmse": 2.4352754596402844,
          "mae": 1.8134304673859316,
          "kendall_tau": 0.4034142211308045
        }
      },
      {
        "fold": 2,
        "n_train": 2264,
        "n_val": 1132,
        "train": {
          "spearman": 1.0,
          "pearson": 0.9999999999999987,
          "r2": 1.0,
          "rmse": 0.0,
          "mae": 0.0,
          "kendall_tau": 1.0
        },
        "val": {
          "spearman": 0.4004794967509446,
          "pearson": 0.3710298322062682,
          "r2": 0.016920694106329903,
          "rmse": 2.553435280652235,
          "mae": 1.8549887977610549,
          "kendall_tau": 0.2792086167980974
        }
      },
      {
        "fold": 3,
        "n_train": 2264,
        "n_val": 1132,
        "train": {
          "spearman": 1.0,
          "pearson": 0.9999999999999989,
          "r2": 1.0,
          "rmse": 0.0,
          "mae": 0.0,
          "kendall_tau": 1.0
        },
        "val": {
          "spearman": 0.3376512837963563,
          "pearson": 0.35242411906610427,
          "r2": -0.02178479283008916,
          "rmse": 2.3432527523728415,
          "mae": 1.7875968841306011,
          "kendall_tau": 0.23844422869495535
        }
      }
    ],
    "summary": {
      "train_spearman_mean": 1.0,
      "val_spearman_mean": 0.43519667255919536,
      "train_spearman_std": 1.2819751242557092e-16,
      "val_spearman_std": 0.09697726735669567,
      "gap_spearman_mean": 0.5648033274408045
    },
    "overfitting_check": {
      "threshold": 0.15,
      "gaps": [
        0.43254076286971466,
        0.5995205032490554,
        0.6623487162036437
      ],
      "mean_gap": 0.5648033274408045,
      "max_gap": 0.6623487162036437,
      "overfitting_flags": [
        true,
        true,
        true
      ],
      "n_overfitting_folds": 3,
      "warning": "Overfitting detected in 3 fold(s)"
    },
    "stability_check": {
      "threshold": 0.05,
      "val_spearman_std": 0.09697726735669567,
      "val_spearman_scores": [
        0.5674592371302851,
        0.4004794967509446,
        0.3376512837963563
      ],
      "unstable": true,
      "warning": "Unstable across folds (std=0.0970)"
    }
  },
  "SVR_RBF": {
    "model_name": "SVR_RBF",
    "n_folds": 3,
    "fold_results": [
      {
        "fold": 1,
        "n_train": 2264,
        "n_val": 1132,
        "train": {
          "spearman": 0.35643914522407133,
          "pearson": 0.37130905090416644,
          "r2": 0.10555567655355858,
          "rmse": 2.320019718190009,
          "mae": 1.7085255443488583,
          "kendall_tau": 0.24500777898261594
        },
        "val": {
          "spearman": 0.43063486215022734,
          "pearson": 0.4895819633786881,
          "r2": 0.12774567967752015,
          "rmse": 2.6964218846675725,
          "mae": 2.0152931000869194,
          "kendall_tau": 0.30152808890471855
        }
      },
      {
        "fold": 2,
        "n_train": 2264,
        "n_val": 1132,
        "train": {
          "spearman": 0.38993573098381806,
          "pearson": 0.4369619643317842,
          "r2": 0.1617767895306922,
          "rmse": 2.4173684029576123,
          "mae": 1.8038124443061108,
          "kendall_tau": 0.27073514061296905
        },
        "val": {
          "spearman": 0.365828175381136,
          "pearson": 0.3436515551540452,
          "r2": 0.10763043124583771,
          "rmse": 2.4327806536351435,
          "mae": 1.7891920549448974,
          "kendall_tau": 0.2476126502592278
        }
      },
      {
        "fold": 3,
        "n_train": 2264,
        "n_val": 1132,
        "train": {
          "spearman": 0.4638245827496663,
          "pearson": 0.4976215627409555,
          "r2": 0.22230483920026323,
          "rmse": 2.420341069215009,
          "mae": 1.7953877567062313,
          "kendall_tau": 0.3210956260332749
        },
        "val": {
          "spearman": 0.19262887660722736,
          "pearson": 0.19185921564562083,
          "r2": -0.03673740276570081,
          "rmse": 2.3603358456429238,
          "mae": 1.7908075712090645,
          "kendall_tau": 0.13526768523722563
        }
      }
    ],
    "summary": {
      "train_spearman_mean": 0.4033998196525186,
      "val_spearman_mean": 0.32969730471286357,
      "train_spearman_std": 0.04486178262842318,
      "val_spearman_std": 0.10046821105871996,
      "gap_spearman_mean": 0.073702514939655
    },
    "overfitting_check": {
      "threshold": 0.15,