{
  "n": 209,
  "logrank_p_value": 0.8632501390785303,
  "test_statistic": 0.7421403963818987
}