{
  "old_train_top30_reference_file": "results\\v1_0_lnic50_20260504\\step6\\step6_v1_0_top30_clinical_reranked_20260504.csv",
  "phases": {
    "2A": {
      "GSE110147_vs_GSE150910_top30_jaccard": 1.0,
      "GSE110147_vs_GSE150910_overlap_count": 30,
      "GSE110147_top30": [
        "CHEMBL5777052",
        "CHEMBL5931590",
        "CHEMBL5749084",
        "CHEMBL5784853",
        "CHEMBL5933670",
        "CHEMBL5901815",
        "CHEMBL5941947",
        "CHEMBL3943572",
        "CHEMBL6020772",
        "CHEMBL5945428",
        "CHEMBL6059683",
        "CHEMBL6049702",
        "CHEMBL5826986",
        "CHEMBL5885656",
        "CHEMBL5950639",
        "CHEMBL5876263",
        "CHEMBL6065435",
        "CHEMBL3652410",
        "CHEMBL6052369",
        "CHEMBL3652405",
        "CHEMBL5794903",
        "CHEMBL5890561",
        "CHEMBL5969229",
        "CHEMBL5968969",
        "CHEMBL5959152",
        "CHEMBL6021211",
        "CHEMBL3909092",
        "CHEMBL6031741",
        "CHEMBL5877049",
        "CHEMBL6017191"
      ],
      "GSE150910_top30": [
        "CHEMBL5777052",
        "CHEMBL5749084",
        "CHEMBL5931590",
        "CHEMBL5784853",
        "CHEMBL5901815",
        "CHEMBL5945428",
        "CHEMBL6020772",
        "CHEMBL5933670",
        "CHEMBL6049702",
        "CHEMBL5941947",
        "CHEMBL6059683",
        "CHEMBL5826986",
        "CHEMBL3943572",
        "CHEMBL6052369",
        "CHEMBL5885656",
        "CHEMBL5950639",
        "CHEMBL6065435",
        "CHEMBL5876263",
        "CHEMBL3652410",
        "CHEMBL5794903",
        "CHEMBL5890561",
        "CHEMBL3652405",
        "CHEMBL5968969",
        "CHEMBL5969229",
        "CHEMBL6021211",
        "CHEMBL5959152",
        "CHEMBL5877049",
        "CHEMBL6017191",
        "CHEMBL6031741",
        "CHEMBL3909092"
      ],
      "old_train_vs_GSE110147_top30_jaccard": 0.36363636363636365,
      "old_train_vs_GSE150910_top30_jaccard": 0.36363636363636365,
      "old_train_vs_GSE110147_overlap_count": 16,
      "old_train_vs_GSE150910_overlap_count": 16
    },
    "2B": {
      "GSE110147_vs_GSE150910_top30_jaccard": 1.0,
      "GSE110147_vs_GSE150910_overlap_count": 30,
      "GSE110147_top30": [
        "CHEMBL6059683",
        "CHEMBL5945428",
        "CHEMBL5885656",
        "CHEMBL5794903",
        "CHEMBL5777052",
        "CHEMBL6020772",
        "CHEMBL5901815",
        "CHEMBL5883265",
        "CHEMBL6064726",
        "CHEMBL5784853",
        "CHEMBL6029174",
        "CHEMBL6031741",
        "CHEMBL6052369",
        "CHEMBL5959152",
        "CHEMBL5941947",
        "CHEMBL5933670",
        "CHEMBL5876263",
        "CHEMBL5968969",
        "CHEMBL6065435",
        "CHEMBL5877049",
        "CHEMBL5780479",
        "CHEMBL5931590",
        "CHEMBL5825020",
        "CHEMBL5950639",
        "CHEMBL6049702",
        "CHEMBL5970131",
        "CHEMBL6021211",
        "CHEMBL3652405",
        "CHEMBL5826986",
        "CHEMBL5890561"
      ],
      "GSE150910_top30": [
        "CHEMBL6059683",
        "CHEMBL5945428",
        "CHEMBL5885656",
        "CHEMBL5794903",
        "CHEMBL5777052",
        "CHEMBL6020772",
        "CHEMBL5901815",
        "CHEMBL5883265",
        "CHEMBL6064726",
        "CHEMBL5784853",
        "CHEMBL6029174",
        "CHEMBL6031741",
        "CHEMBL6052369",
        "CHEMBL5959152",
        "CHEMBL5941947",
        "CHEMBL5933670",
        "CHEMBL5876263",
        "CHEMBL5968969",
        "CHEMBL6065435",
        "CHEMBL5877049",
        "CHEMBL5780479",
        "CHEMBL5931590",
        "CHEMBL5825020",
        "CHEMBL5950639",
        "CHEMBL6049702",
        "CHEMBL5970131",
        "CHEMBL6021211",
        "CHEMBL3652405",
        "CHEMBL5826986",
        "CHEMBL5890561"
      ],
      "old_train_vs_GSE110147_top30_jaccard": 0.3333333333333333,
      "old_train_vs_GSE150910_top30_jaccard": 0.3333333333333333,
      "old_train_vs_GSE110147_overlap_count": 15,
      "old_train_vs_GSE150910_overlap_count": 15
    }
  }
}